name,income_group,is_text_income_group,pop_n,is_numeric_pop_n,pop_u,is_numeric_pop_u,wat_bas_n,is_numeric_wat_bas_n,wat_lim_n,is_numeric_wat_lim_n,wat_unimp_n,is_numeric_wat_unimp_n,wat_sur_n,is_numeric_wat_sur_n,wat_bas_r,is_numeric_wat_bas_r,wat_lim_r,is_numeric_wat_lim_r,wat_unimp_r,is_numeric_wat_unimp_r,wat_sur_r,is_numeric_wat_sur_r,wat_bas_u,is_numeric_wat_bas_u,wat_lim_u,is_numeric_wat_lim_u,wat_unimp_u,is_numeric_wat_unimp_u,wat_sur_u,is_numeric_wat_sur_u,value_cnt,income_groups
Tokelau,0,False,1.35,True,0,True,99.71,True,0.0,True,0.29,True,0.0,True,99.70767665,True,0.0,True,0.292323346,True,0,True,0.0,True,0.0,True,0.0,True,0.0,True,30,Unknown
Niue,0,False,1.62,True,46.20200348,True,97.01,True,0.0,True,2.99,True,0.0,True,0.0,True,0.0,True,0,True,0,True,0.0,True,0.0,True,0.0,True,0.0,True,30,Unknown
Falkland Islands (Malvinas),0,False,3.48,True,78.50799561,True,95.31,True,0.0,True,4.69,True,0.0,True,78.17294282,True,0.0,True,21.82705718,True,0,True,100.0,True,0.0,True,0.0,True,0.0,True,30,Unknown
Montserrat,0,False,5.0,True,9.114999771,True,98.08,True,0.0,True,1.92,True,0.0,True,0.0,True,0.0,True,0,True,0,True,0.0,True,0.0,True,0.0,True,0.0,True,30,Unknown
Saint Pierre and Miquelon,0,False,5.8,True,89.96199799,True,91.4,True,0.0,True,8.6,True,0.0,True,0.0,True,0.0,True,0,True,0,True,0.0,True,0.0,True,0.0,True,0.0,True,30,Unknown
Saint Helena,0,False,6.07,True,40.08200073,True,99.1,True,0.0,True,0.9,True,0.0,True,0.0,True,0.0,True,0,True,0,True,0.0,True,0.0,True,0.0,True,0.0,True,30,Unknown
Saint Barthelemy,0,False,9.88,True,100,True,100.0,True,0.0,True,0.0,True,0.0,True,0.0,True,0.0,True,0,True,0,True,100.0,True,0.0,True,0.0,True,0.0,True,30,Unknown
Nauru,High income,True,10.83,True,100,True,100.0,True,0.0,True,0.0,True,0.0,True,0.0,True,0.0,True,0,True,0,True,100.0,True,0.0,True,0.0,True,0.0,True,30,High income
Wallis and Futuna Islands,0,False,11.25,True,0,True,99.14,True,0.0,True,0.86,True,0.0,True,99.14328736,True,0.0,True,0.856712639,True,0,True,0.0,True,0.0,True,0.0,True,0.0,True,30,Unknown
Tuvalu,Upper middle income,True,11.79,True,64.01399994,True,100.0,True,0.0,True,0.0,True,0.0,True,100.0,True,0.0,True,0,True,0,True,100.0,True,0.0,True,0.0,True,0.0,True,30,Upper middle income
Cook Islands,0,False,17.56,True,75.49500275,True,99.97,True,0.0,True,0.03,True,0.0,True,0.0,True,0.0,True,0,True,0,True,0.0,True,0.0,True,0.0,True,0.0,True,30,Unknown
Palau,Upper middle income,True,18.09,True,80.98799896,True,99.66,True,0.0,True,0.34,True,0.0,True,99.75698503,True,0.0,True,0.243014968,True,0,True,99.63420199,True,0.0,True,0.365798008,True,0.0,True,30,Upper middle income
British Virgin Islands,High income,True,30.24,True,48.51499939,True,99.86,True,0.0,True,0.14,True,0.0,True,0.0,True,0.0,True,0,True,0,True,0.0,True,0.0,True,0.0,True,0.0,True,30,High income
Gibraltar,High income,True,33.69,True,100,True,100.0,True,0.0,True,0.0,True,0.0,True,0.0,True,0.0,True,0,True,0,True,100.0,True,0.0,True,0.0,True,0.0,True,30,High income
San Marino,High income,True,33.94,True,97.49900055,True,100.0,True,0.0,True,0.0,True,0.0,True,0.0,True,0.0,True,0,True,0,True,0.0,True,0.0,True,0.0,True,0.0,True,30,High income
Liechtenstein,High income,True,38.14,True,14.41600037,True,100.0,True,0.0,True,0.0,True,0.0,True,0.0,True,0.0,True,0,True,0,True,0.0,True,0.0,True,0.0,True,0.0,True,30,High income
Saint Martin (French part),High income,True,38.66,True,100,True,100.0,True,0.0,True,0.0,True,0.0,True,0.0,True,0.0,True,0,True,0,True,99.99927139,True,0.0,True,0.000728611,True,0.0,True,30,High income
Monaco,High income,True,39.24,True,100,True,100.0,True,0.0,True,0.0,True,0.0,True,0.0,True,0.0,True,0,True,0,True,100.0,True,0.0,True,0.0,True,0.0,True,30,High income
Faeroe Islands,High income,True,48.87,True,42.39799881,True,100.0,True,0.0,True,0.0,True,0.0,True,0.0,True,0.0,True,0,True,0,True,0.0,True,0.0,True,0.0,True,0.0,True,30,High income
American Samoa,Upper middle income,True,55.2,True,87.15299988,True,99.77,True,0.0,True,0.23,True,0.0,True,0.0,True,0.0,True,0,True,0,True,0.0,True,0.0,True,0.0,True,0.0,True,30,Upper middle income
Greenland,High income,True,56.77,True,87.28200531,True,100.0,True,0.0,True,0.0,True,0.0,True,100.0,True,0.0,True,0,True,0,True,100.0,True,0.0,True,0.0,True,0.0,True,30,High income
Northern Mariana Islands,High income,True,57.56,True,91.79799652,True,100.0,True,0.0,True,0.0,True,0.0,True,0.0,True,0.0,True,0,True,0,True,0.0,True,0.0,True,0.0,True,0.0,True,30,High income
Marshall Islands,"Upper middle income,59.19400024",True,77.79,True,88.57204698,True,11.39,True,0.04,True,0.0,True,94.43,True,5.39028,True,0.18,True,0,True,86.9,True,13.1,True,0.0,True,0.0,True,,False,29,"Upper middle income,59.19400024"
Bermuda,High income,True,62.27,True,100,True,99.9,True,0.0,True,0.1,True,0.0,True,0.0,True,0.0,True,0,True,0,True,99.90314002,True,0.0,True,0.096859983,True,0.0,True,30,High income
Andorra,High income,True,77.26,True,87.91600037,True,100.0,True,0.0,True,0.0,True,0.0,True,100.0,True,0.0,True,0,True,0,True,100.0,True,0.0,True,0.0,True,0.0,True,30,High income
Isle of Man,High income,True,85.03,True,52.89800262,True,99.08,True,0.0,True,0.92,True,0.0,True,0.0,True,0.0,True,0,True,0,True,0.0,True,0.0,True,0.0,True,0.0,True,30,High income
United States Virgin Islands,High income,True,104.42,True,95.93900299,True,98.72,True,0.0,True,1.28,True,0.0,True,0.0,True,0.0,True,0,True,0,True,0.0,True,0.0,True,0.0,True,0.0,True,30,High income
Tonga,Upper middle income,True,105.7,True,23.09899902,True,98.73,True,0.88,True,0.39,True,0.0,True,98.46807854,True,1.103159706,True,"0.4287617551,0",False,99.60665819,True,0.143540536,True,0.249801276,True,0.0,True,,False,29,Upper middle income
Kiribati,Lower middle income,True,119.45,True,55.59399796,True,77.97,True,4.08,True,17.95,True,0.0,True,60.99418489,True,2.096609799,True,36.90920532,True,0,True,91.53117485,True,5.658666461,True,2.810158691,True,0.0,True,30,Lower middle income
Guam,High income,True,168.78,True,94.93800354,True,99.7,True,0.0,True,0.3,True,0.0,True,0.0,True,0.0,True,0,True,0,True,0.0,True,0.0,True,0.0,True,0.0,True,30,High income
Saint Lucia,Upper middle income,True,183.63,True,18.8409996,True,96.89,True,1.82,True,1.3,True,0.0,True,96.81402383,True,1.734152255,True,1.451823918,True,0,True,97.20582219,True,2.166718886,True,0.627458924,True,0.0,True,30,Upper middle income
Samoa,Lower middle income,True,198.41,True,17.88899994,True,91.84,True,6.52,True,1.42,True,0.22,True,91.78032287,True,6.220703339,True,1.72769216,True,0.271281633,True,92.10119,True,7.89881,True,0.0,True,0.0,True,30,Lower middle income
Sao Tome and Principe,Lower middle income,True,219.16,True,74.35400391,True,78.23,True,20.24,True,0.44,True,1.09,True,74.30061449,True,19.71184258,True,1.729405704,True,4.258137228,True,79.5805429,True,20.4194571,True,0.0,True,0.0,True,30,Lower middle income
Mayotte,0,False,272.81,True,45.75099945,True,96.37,True,0.0,True,3.63,True,0.0,True,0.0,True,0.0,True,0,True,0,True,0.0,True,0.0,True,0.0,True,0.0,True,30,Unknown
French Polynesia,High income,True,280.9,True,61.97500229,True,100.0,True,0.0,True,0.0,True,0.0,True,0.0,True,0.0,True,0,True,0,True,0.0,True,0.0,True,0.0,True,0.0,True,30,High income
New Caledonia,High income,True,285.49,True,71.51799774,True,99.31,True,0.0,True,0.69,True,0.0,True,0.0,True,0.0,True,0,True,0,True,0.0,True,0.0,True,0.0,True,0.0,True,30,High income
Barbados,High income,True,287.37,True,31.19099998,True,98.51,True,0.27,True,1.22,True,0.0,True,0.0,True,0.0,True,0,True,0,True,0.0,True,0.0,True,0.0,True,0.0,True,30,High income
French Guiana,0,False,298.68,True,85.81999969,True,93.78,True,0.0,True,6.22,True,0.0,True,0.0,True,0.0,True,0,True,0,True,0.0,True,0.0,True,0.0,True,0.0,True,30,Unknown
Vanuatu,Lower middle income,True,307.15,True,25.52500153,True,91.23,True,1.06,True,0.0,True,7.71,True,88.39720123,True,1.255132675,True,0,True,10.3476661,True,99.5,True,0.5,True,0.0,True,0.0,True,30,Lower middle income
Iceland,High income,True,341.25,True,93.897995,True,100.0,True,0.0,True,0.0,True,0.0,True,100.0,True,0.0,True,0,True,0,True,100.0,True,0.0,True,0.0,True,0.0,True,30,High income
Martinique,0,False,375.27,True,89.13999939,True,99.84,True,0.0,True,0.16,True,0.0,True,0.0,True,0.0,True,0,True,0,True,0.0,True,0.0,True,0.0,True,0.0,True,30,Unknown
Belize,Upper middle income,True,397.62,True,46.02500153,True,98.4,True,1.25,True,0.35,True,0.0,True,97.99520758,True,1.358317682,True,0.646474739,True,0,True,98.87896,True,1.12104,True,0.0,True,0.0,True,30,Upper middle income
Guadeloupe,0,False,400.13,True,98.49899292,True,99.8,True,0.0,True,0.2,True,0.0,True,0.0,True,0.0,True,0,True,0,True,0.0,True,0.0,True,0.0,True,0.0,True,30,Unknown
Brunei Darussalam,High income,True,437.48,True,78.25000763,True,99.9,True,0.0,True,0.1,True,0.0,True,0.0,True,0.0,True,0,True,0,True,99.65,True,0.0,True,0.35,True,0.0,True,30,High income
Malta,High income,True,441.54,True,94.7440033,True,100.0,True,0.0,True,0.0,True,0.0,True,100.0,True,0.0,True,0,True,0,True,100.0,True,0.0,True,0.0,True,0.0,True,30,High income
Maldives,Upper middle income,True,540.54,True,40.66899872,True,99.54,True,0.05,True,0.41,True,0.0,True,99.9190125,True,0.0809875,True,0,True,0,True,98.99798893,True,0.0,True,1.002011069,True,0.0,True,30,Upper middle income
Cabo Verde,Lower middle income,True,555.99,True,"66.65200043,88.76960642",False,7.9,True,3.21,True,0.12,True,80.11,True,9.911127022,True,9.623217003,True,0.35113054,True,93.1,True,6.9,True,0.0,True,0.0,True,,False,29,Lower middle income
Suriname,Upper middle income,True,586.63,True,66.14900208,True,97.99,True,1.07,True,0.38,True,0.56,True,96.57441263,True,1.60029586,True,0.159801795,True,1.66548972,True,98.71385387,True,0.794465237,True,0.491680893,True,0.0,True,30,Upper middle income
Luxembourg,High income,True,625.98,True,91.4529953,True,99.88,True,0.0,True,0.12,True,0.0,True,98.5952381,True,0.0,True,1.404761905,True,0,True,100.0,True,0.0,True,0.0,True,0.0,True,30,High income
Montenegro,Upper middle income,True,628.06,True,67.48800659,True,98.86,True,0.55,True,0.59,True,0.01,True,98.16188754,True,0.0,True,1.821833386,True,0.01627907,True,99.19173959,True,0.808260413,True,0.0,True,0.0,True,30,Upper middle income
"China, Macao SAR",High income,True,649.34,True,100,True,100.0,True,0.0,True,0.0,True,0.0,True,0.0,True,0.0,True,0,True,0,True,100.0,True,0.0,True,0.0,True,0.0,True,30,High income
Solomon Islands,Lower middle income,True,686.88,True,24.67000008,True,67.3,True,5.8,True,21.27,True,5.64,True,59.40526749,True,6.528523649,True,26.955911,True,7.110297857,True,91.41077689,True,3.557120425,True,3.899286137,True,1.132816553,True,30,Lower middle income
Bhutan,Lower middle income,True,771.61,True,42.31599808,True,97.31,True,2.46,True,0.18,True,0.05,True,96.73119365,True,3.268806351,True,0,True,0,True,98.10662849,True,1.3591415,True,0.416920848,True,0.117309159,True,30,Lower middle income
Guyana,Upper middle income,True,786.56,True,26.7859993,True,95.55,True,1.21,True,1.14,True,2.1,True,93.9284905,True,1.646193862,True,1.561274833,True,2.864040809,True,100.0,True,0.0,True,0.0,True,0.0,True,30,Upper middle income
R?union,0,False,895.31,True,99.65900421,True,100.0,True,0.0,True,0.0,True,0.0,True,0.0,True,0.0,True,0,True,0,True,0.0,True,0.0,True,0.0,True,0.0,True,30,Unknown
Fiji,Upper middle income,True,896.44,True,57.24700546,True,94.3,True,0.0,True,3.32,True,2.38,True,89.08802405,True,0.0,True,5.759897938,True,5.152078012,True,98.19424406,True,0.0,True,1.495409344,True,0.310346592,True,30,Upper middle income
Djibouti,Lower middle income,True,988.0,True,78.06199646,True,76.05,True,14.76,True,7.02,True,2.18,True,47.28073293,True,12.06161014,True,30.73550468,True,9.922152249,True,84.13501493,True,15.51511107,True,0.349874003,True,0.0,True,30,Lower middle income
Eswatini,Lower middle income,True,1160.16,True,24.17100143,True,70.75,True,9.51,True,9.84,True,9.9,True,62.46644874,True,12.29969513,True,12.45046093,True,12.78339519,True,96.74976305,True,0.746064473,True,1.632164244,True,0.872008229,True,30,Lower middle income
Cyprus,High income,True,1207.36,True,66.82099915,True,99.77,True,0.0,True,0.23,True,0.0,True,99.84576172,True,0.0,True,0.154238284,True,0,True,99.72515812,True,0.0,True,0.274841883,True,0.0,True,30,High income
Mauritius,Upper middle income,True,1271.77,True,40.75999832,True,99.87,True,0.0,True,0.13,True,0.0,True,99.82768234,True,0.0,True,0.172317662,True,0,True,99.92231522,True,0.0,True,0.077684781,True,0.0,True,30,Upper middle income
Timor-Leste,Lower middle income,True,1318.44,True,31.31999969,True,85.5,True,1.89,True,8.36,True,4.26,True,80.48779562,True,2.049364675,True,11.26233968,True,6.200500018,True,96.47695792,True,1.527338152,True,1.995703929,True,0.0,True,30,Lower middle income
Estonia,High income,True,1326.54,True,69.22900391,True,99.59,True,0.0,True,0.41,True,0.0,True,0.0,True,0.0,True,0,True,0,True,99.98545421,True,0.0,True,0.014545793,True,0.0,True,30,High income
Trinidad and Tobago,High income,True,1399.49,True,53.2140007,True,98.88,True,1.12,True,0.0,True,0.0,True,0.0,True,0.0,True,0,True,0,True,0.0,True,0.0,True,0.0,True,0.0,True,30,High income
Bahrain,High income,True,1701.58,True,89.50600433,True,100.0,True,0.0,True,0.0,True,0.0,True,0.0,True,0.0,True,0,True,0,True,0.0,True,0.0,True,0.0,True,0.0,True,30,High income
Latvia,High income,True,1886.2,True,68.31500244,True,98.78,True,0.68,True,0.54,True,0.0,True,98.57922314,True,0.0,True,1.42077686,True,0,True,98.87692469,True,0.998756815,True,0.124318491,True,0.0,True,30,High income
Guinea-Bissau,Low income,True,1968.0,True,44.19599915,True,59.02,True,14.03,True,26.63,True,0.32,True,49.8319053,True,9.285773026,True,40.31645129,True,0.565870385,True,70.61434791,True,20.03063358,True,9.340625284,True,0.014393227,True,30,Low income
Slovenia,High income,True,2078.93,True,55.11800385,True,99.5,True,0.0,True,0.5,True,0.0,True,0.0,True,0.0,True,0,True,0,True,0.0,True,0.0,True,0.0,True,0.0,True,30,High income
North Macedonia,Upper middle income,True,2083.38,True,58.48199844,True,97.74,True,1.63,True,0.57,True,0.05,True,97.46871457,True,1.505202232,True,0.910563198,True,0.11552,True,97.93740299,True,1.727136954,True,0.335460056,True,0.0,True,30,Upper middle income
Lesotho,Lower middle income,True,2142.25,True,29.02799988,True,72.18,True,10.41,True,12.22,True,5.2,True,63.65035482,True,13.55843013,True,15.73132479,True,7.059890254,True,93.02090855,True,2.698211997,True,3.625530038,True,0.65534942,True,30,Lower middle income
Gabon,Upper middle income,True,2225.73,True,90.09200287,True,85.34,True,7.74,True,6.92,True,0.0,True,44.74588901,True,10.51114859,True,44.7429624,True,0,True,89.80653917,True,7.42998076,True,2.763480072,True,0.0,True,30,Upper middle income
Botswana,Upper middle income,True,2351.62,True,70.8769989,True,92.21,True,4.72,True,1.73,True,1.33,True,79.04372386,True,15.15494718,True,1.596119156,True,4.20520981,True,97.62498058,True,0.436620032,True,1.788579159,True,0.149820228,True,30,Upper middle income
Gambia,Low income,True,2416.66,True,62.58199692,True,80.94,True,8.6,True,10.35,True,0.11,True,69.18852321,True,16.49783239,True,14.24376547,True,0.069878937,True,87.96690427,True,3.873689522,True,8.026457278,True,0.132948925,True,30,Low income
Namibia,Upper middle income,True,2540.92,True,52.03300095,True,84.27,True,7.09,True,3.74,True,4.9,True,71.25616743,True,11.97218925,True,7.081803759,True,9.689839563,True,96.26696535,True,2.584758965,True,0.659610264,True,0.488665421,True,30,Upper middle income
Lithuania,High income,True,2722.29,True,68.04599762,True,98.01,True,0.0,True,1.99,True,0.0,True,93.78278023,True,0.0,True,6.217219771,True,0,True,100.0,True,0.0,True,0.0,True,0.0,True,30,High income
Puerto Rico,High income,True,2860.84,True,93.58100128,True,100.0,True,0.0,True,0.0,True,0.0,True,0.0,True,0.0,True,0,True,0,True,0.0,True,0.0,True,0.0,True,0.0,True,30,High income
Albania,Upper middle income,True,2877.8,True,62.11199951,True,95.07,True,1.88,True,3.05,True,0.0,True,94.09135806,True,2.305264955,True,3.603376986,True,0,True,95.66380912,True,1.62808683,True,2.708104054,True,0.0,True,30,Upper middle income
Qatar,High income,True,2881.06,True,99.23500061,True,99.57,True,0.0,True,0.43,True,0.0,True,0.0,True,0.0,True,0,True,0,True,0.0,True,0.0,True,0.0,True,0.0,True,30,High income
Jamaica,Upper middle income,True,2961.16,True,56.31100082,True,91.03,True,5.37,True,1.86,True,1.74,True,85.39991216,True,8.490737371,True,2.568971895,True,3.540378574,True,95.39801591,True,2.944456223,True,1.317064322,True,0.34046355,True,30,Upper middle income
Armenia,Upper middle income,True,2963.23,True,63.31299973,True,99.97,True,0.0,True,0.03,True,0.0,True,100.0,True,0.0,True,0,True,0,True,99.95448122,True,0.0,True,0.045518784,True,0.0,True,30,Upper middle income
Mongolia,Lower middle income,True,3278.29,True,68.65699768,True,85.5,True,2.15,True,6.63,True,5.72,True,61.07075114,True,3.084170572,True,17.58078116,True,18.26429713,True,96.64596558,True,1.718335079,True,1.635699341,True,0.0,True,30,Lower middle income
Bosnia and Herzegovina,Upper middle income,True,3280.81,True,49.02000046,True,96.11,True,3.82,True,0.06,True,0.0,True,97.33333333,True,2.666666667,True,0,True,0,True,94.8457044,True,5.026922206,True,0.127373393,True,0.0,True,30,Upper middle income
Uruguay,High income,True,3473.73,True,95.51499939,True,99.5,True,0.5,True,0.0,True,0.0,True,95.30083,True,4.69917,True,0,True,0,True,99.69273444,True,0.307265562,True,0.0,True,0.0,True,30,High income
Georgia,Upper middle income,True,3989.18,True,59.4529953,True,97.35,True,0.0,True,2.63,True,0.02,True,94.2718842,True,0.0,True,5.703923618,True,0.024192183,True,99.44615394,True,0.0,True,0.538220742,True,0.015625316,True,30,Upper middle income
Republic of Moldova,Upper middle income,True,4033.96,True,42.84900284,True,90.57,True,1.52,True,7.91,True,0.0,True,85.48103812,True,1.52256302,True,12.99639886,True,0,True,97.35744448,True,1.516060408,True,1.126495111,True,0.0,True,30,Upper middle income
Croatia,High income,True,4105.27,True,57.55299759,True,0.0,True,0.0,True,0.0,True,0.0,True,0.0,True,0.0,True,0,True,0,True,100.0,True,0.0,True,0.0,True,0.0,True,30,High income
Kuwait,High income,True,4270.56,True,100,True,100.0,True,0.0,True,0.0,True,0.0,True,0.0,True,0.0,True,0,True,0,True,0.0,True,0.0,True,0.0,True,0.0,True,30,High income
Panama,High income,True,4314.77,True,68.41400146,True,94.37,True,1.87,True,2.26,True,1.49,True,86.32308326,True,1.791982583,True,7.162364342,True,4.722569811,True,98.08889267,True,1.911107333,True,0.0,True,0.0,True,30,High income
Mauritania,Lower middle income,True,4649.66,True,55.32699585,True,71.68,True,13.48,True,14.82,True,0.02,True,49.9113389,True,18.49039689,True,31.5496173,True,0.048646907,True,89.25869465,True,9.428808083,True,1.31249727,True,0.0,True,30,Lower middle income
New Zealand,High income,True,4822.23,True,86.6989975,True,100.0,True,0.0,True,0.0,True,0.0,True,100.0,True,0.0,True,0,True,0,True,100.0,True,0.0,True,0.0,True,0.0,True,30,High income
Central African Republic,Low income,True,4829.76,True,42.19799805,True,37.2,True,25.68,True,33.54,True,3.58,True,28.10659415,True,19.4058899,True,46.37307301,True,6.114442944,True,49.66166495,True,34.27978009,True,15.95940214,True,0.099152817,True,30,Low income
Ireland,High income,True,4937.8,True,63.65299988,True,97.4,True,0.0,True,2.6,True,0.0,True,98.13492075,True,0.0,True,1.865079247,True,0,True,96.97988603,True,0.0,True,3.020113966,True,0.0,True,30,High income
Liberia,Low income,True,5057.68,True,52.08899689,True,75.26,True,8.7,True,3.49,True,12.55,True,64.10021689,True,6.537775797,True,3.383709875,True,25.97829744,True,85.52810963,True,10.69005698,True,3.58408039,True,0.197753001,True,30,Low income
Costa Rica,Upper middle income,True,5094.11,True,80.77099609,True,99.81,True,0.19,True,0.0,True,0.0,True,99.64625,True,0.35375,True,0,True,0,True,99.84965286,True,0.150347143,True,0.0,True,0.0,True,30,Upper middle income
West Bank and Gaza Strip,Lower middle income,True,5101.42,True,76.71899414,True,97.88,True,1.03,True,1.09,True,0.0,True,98.71555642,True,0.317400627,True,0.967042958,True,0,True,97.62696443,True,1.246217358,True,1.126818208,True,0.0,True,30,Lower middle income
Oman,High income,True,5106.62,True,86.27599335,True,92.17,True,7.54,True,0.26,True,0.03,True,76.25077991,True,21.63212113,True,1.897409218,True,0.219689738,True,94.7,True,5.3,True,0.0,True,0.0,True,30,High income
Norway,High income,True,5421.24,True,82.97399139,True,100.0,True,0.0,True,0.0,True,0.0,True,100.0,True,0.0,True,0,True,0,True,100.0,True,0.0,True,0.0,True,0.0,True,30,High income
Slovakia,High income,True,5459.64,True,53.75999832,True,99.79,True,0.21,True,0.0,True,0.0,True,100.0,True,0.0,True,0,True,0,True,99.60509406,True,0.394905937,True,0.0,True,0.0,True,30,High income
Congo,Lower middle income,True,5518.09,True,67.82900238,True,73.78,True,10.46,True,9.56,True,6.2,True,45.72441318,True,10.6323901,True,24.40516973,True,19.23802699,True,87.09329616,True,10.37996439,True,2.517789997,True,0.008949452,True,30,Lower middle income
Finland,High income,True,5540.72,True,85.51700592,True,100.0,True,0.0,True,0.0,True,0.0,True,100.0,True,0.0,True,0,True,0,True,100.0,True,0.0,True,0.0,True,0.0,True,30,High income
Denmark,High income,True,5792.2,True,88.11600494,True,100.0,True,0.0,True,0.0,True,0.0,True,100.0,True,0.0,True,0,True,0,True,100.0,True,0.0,True,0.0,True,0.0,True,30,High income
Singapore,High income,True,5850.34,True,100,True,100.0,True,0.0,True,0.0,True,0.0,True,0.0,True,0.0,True,0,True,0,True,100.0,True,0.0,True,0.0,True,0.0,True,30,High income
Turkmenistan,Upper middle income,True,6031.19,True,52.51600266,True,100.0,True,0.0,True,0.0,True,0.0,True,100.0,True,0.0,True,0,True,0,True,100.0,True,0.0,True,0.0,True,0.0,True,30,Upper middle income
El Salvador,Lower middle income,True,6486.2,True,73.44400024,True,97.95,True,0.21,True,0.32,True,1.53,True,93.45439508,True,0.780476205,True,0,True,5.765128712,True,99.57087001,True,0.0,True,0.429129994,True,0.0,True,30,Lower middle income
Kyrgyzstan,0,False,6524.19,True,36.85599899,True,91.7,True,1.9,True,1.87,True,4.53,True,87.258429,True,2.606070485,True,2.954593684,True,7.180906832,True,99.30769231,True,0.692307692,True,0.0,True,0.0,True,30,Unknown
Nicaragua,Lower middle income,True,6624.55,True,59.01200104,True,81.71,True,1.51,True,13.53,True,3.25,True,59.10744663,True,3.520974285,True,29.78017368,True,7.5914054,True,97.40695661,True,0.107552314,True,2.244007656,True,0.241483423,True,30,Lower middle income
Lebanon,Lower middle income,True,6825.44,True,88.92499542,True,92.6,True,7.4,True,0.0,True,0.0,True,0.0,True,0.0,True,0,True,0,True,0.0,True,0.0,True,0.0,True,0.0,True,30,Lower middle income
Libya,Upper middle income,True,6871.29,True,80.69100189,True,99.89,True,0.0,True,0.11,True,0.0,True,0.0,True,0.0,True,0,True,0,True,0.0,True,0.0,True,0.0,True,0.0,True,30,Upper middle income
Bulgaria,Upper middle income,True,6948.44,True,75.68599701,True,99.01,True,0.0,True,0.99,True,0.0,True,97.40128797,True,0.0,True,2.598712031,True,0,True,99.5286704,True,0.0,True,0.471329601,True,0.0,True,30,Upper middle income
Paraguay,Upper middle income,True,7132.53,True,62.18299484,True,99.59,True,0.41,True,0.0,True,0.0,True,99.11122753,True,0.888772468,True,0,True,0,True,99.88674854,True,0.113251464,True,0.0,True,0.0,True,30,Upper middle income
Lao People's Democratic Republic,Lower middle income,True,7275.56,True,36.29000092,True,85.22,True,3.57,True,10.63,True,0.58,True,78.47295942,True,5.598583786,True,15.0109696,True,0.917487196,True,97.06426222,True,0.0,True,2.935737778,True,0.0,True,30,Lower middle income
"China, Hong Kong SAR",High income,True,7496.99,True,100,True,100.0,True,0.0,True,0.0,True,0.0,True,0.0,True,0.0,True,0,True,0,True,100.0,True,0.0,True,0.0,True,0.0,True,30,High income
Sierra Leone,Low income,True,7976.98,True,42.92300034,True,63.77,True,9.02,True,,False,52.75,True,5.221136889,True,23.14294909,True,18.88321135,True,78.41163766,True,14.07927743,True,5.485735437,True,2.023349475,True,,False,29,Low income
Togo,Low income,True,8278.74,True,42.79999924,True,68.58,True,6.07,True,14.16,True,11.19,True,52.11755275,True,8.187542019,True,20.7910842,True,18.90382103,True,90.58991001,True,3.229348056,True,5.307990528,True,0.872751405,True,30,Low income
Switzerland,High income,True,8654.62,True,73.91500092,True,100.0,True,0.0,True,0.0,True,0.0,True,100.0,True,0.0,True,0,True,0,True,100.0,True,0.0,True,0.0,True,0.0,True,30,High income
Israel,High income,True,8655.54,True,92.58699799,True,100.0,True,0.0,True,0.0,True,0.0,True,100.0,True,0.0,True,0,True,0,True,100.0,True,0.0,True,0.0,True,0.0,True,30,High income
Serbia,Upper middle income,True,8737.37,True,56.44599915,True,95.3,True,4.24,True,0.44,True,0.02,True,95.84497475,True,3.545864028,True,0.571160287,True,0.038000931,True,94.87156989,True,4.783037865,True,0.345392245,True,0.0,True,30,Upper middle income
Papua New Guinea,Lower middle income,True,8947.03,True,13.34500027,True,45.34,True,2.13,True,22.16,True,30.37,True,39.07134367,True,2.429850293,True,24.43180086,True,34.06700517,True,86.07527164,True,0.172182261,True,7.390385564,True,6.362160532,True,30,Lower middle income
Austria,High income,True,9006.4,True,58.7480011,True,100.0,True,0.0,True,0.0,True,0.0,True,100.0,True,0.0,True,0,True,0,True,100.0,True,0.0,True,0.0,True,0.0,True,30,High income
Belarus,Upper middle income,True,9449.32,True,79.48300171,True,96.53,True,3.37,True,0.09,True,0.0,True,98.56412231,True,0.995597195,True,0.440280493,True,0,True,96.01087362,True,3.985572644,True,0.003553732,True,0.0,True,30,Upper middle income
Tajikistan,Lower middle income,True,9537.64,True,27.50599861,True,81.85,True,2.57,True,3.42,True,12.16,True,76.6435992,True,3.207143928,True,4.140706948,True,16.00854992,True,95.58062386,True,0.884814476,True,1.527268323,True,2.007293339,True,30,Lower middle income
Hungary,High income,True,9660.35,True,71.94200134,True,100.0,True,0.0,True,0.0,True,0.0,True,100.0,True,0.0,True,0,True,0,True,100.0,True,0.0,True,0.0,True,0.0,True,30,High income
United Arab Emirates,High income,True,9890.4,True,87.04799652,True,99.97,True,0.0,True,0.03,True,0.0,True,0.0,True,0.0,True,0,True,0,True,0.0,True,0.0,True,0.0,True,0.0,True,30,High income
Honduras,Lower middle income,True,9904.61,True,58.35899734,True,95.69,True,0.43,True,3.89,True,0.0,True,89.87579955,True,0.806709508,True,9.317490946,True,0,True,99.83728281,True,0.153701526,True,0.009015663,True,0.0,True,30,Lower middle income
Sweden,High income,True,10099.27,True,87.97699738,True,99.83,True,0.0,True,0.17,True,0.0,True,99.71937474,True,0.0,True,0.280625263,True,0,True,99.84155768,True,0.0,True,0.158442316,True,0.0,True,30,High income
Azerbaijan,Upper middle income,True,10139.17,True,56.39700317,True,96.04,True,1.04,True,2.91,True,0.0,True,90.92579795,True,2.391535671,True,6.682666377,True,0,True,100.0,True,0.0,True,0.0,True,0.0,True,30,Upper middle income
Portugal,High income,True,10196.71,True,66.30999756,True,99.91,True,0.0,True,0.09,True,0.0,True,99.73877609,True,0.0,True,0.261223912,True,0,True,100.0,True,0.0,True,0.0,True,0.0,True,30,High income
Jordan,Upper middle income,True,10203.14,True,91.41799927,True,98.94,True,0.15,True,0.85,True,0.06,True,97.31147869,True,0.623946595,True,2.024714716,True,0.03986,True,99.09321259,True,0.101366941,True,0.743710471,True,0.06171,True,30,Upper middle income
Greece,High income,True,10423.06,True,79.71500397,True,100.0,True,0.0,True,0.0,True,0.0,True,100.0,True,0.0,True,0,True,0,True,100.0,True,0.0,True,0.0,True,0.0,True,30,High income
Czech Republic,High income,True,10708.98,True,74.06100464,True,99.88,True,0.0,True,0.12,True,0.0,True,99.8175993,True,0.0,True,0.182400697,True,0,True,99.90265093,True,0.0,True,0.097349068,True,0.0,True,30,High income
Dominican Republic,Upper middle income,True,10847.9,True,82.54000092,True,96.69,True,0.47,True,1.27,True,1.58,True,90.30446437,True,1.385315508,True,1.115118127,True,7.195101991,True,98.03689158,True,0.272792036,True,1.302073396,True,0.388242992,True,30,Upper middle income
South Sudan,Low income,True,11193.73,True,20.1989994,True,40.95,True,37.43,True,13.54,True,8.08,True,33.59362881,True,42.16438068,True,14.11109616,True,10.13089435,True,70.01770445,True,18.71066092,True,11.27163464,True,0.0,True,30,Low income
Cuba,Upper middle income,True,11326.62,True,77.19400024,True,97.0,True,1.47,True,1.25,True,0.27,True,94.38665114,True,2.591752445,True,1.905972935,True,1.115623477,True,97.77557664,True,1.1403859,True,1.059840374,True,0.024197084,True,30,Upper middle income
Haiti,Lower middle income,True,11402.53,True,57.08799744,True,66.7,True,9.81,True,23.49,True,0.0,True,42.8457001,True,13.25598695,True,43.89831295,True,0,True,84.62262129,True,7.227673879,True,8.149704835,True,0.0,True,30,Lower middle income
Belgium,High income,True,11589.62,True,98.07899475,True,100.0,True,0.0,True,0.0,True,0.0,True,100.0,True,0.0,True,0,True,0,True,100.0,True,0.0,True,0.0,True,0.0,True,30,High income
Bolivia (Plurinational State of),Lower middle income,True,11673.03,True,70.1230011,True,93.39,True,0.14,True,1.58,True,4.9,True,79.93664283,True,0.244736408,True,3.954133693,True,15.86448707,True,99.12211832,True,0.090513289,True,0.561345381,True,0.226023011,True,30,Lower middle income
Tunisia,Lower middle income,True,11818.62,True,69.56800079,True,97.54,True,1.63,True,0.83,True,0.0,True,93.93623193,True,3.351687357,True,2.71208071,True,0,True,99.12119763,True,0.878802368,True,0.0,True,0.0,True,30,Lower middle income
Burundi,Low income,True,11890.78,True,13.70800018,True,62.21,True,19.44,True,14.76,True,3.59,True,57.68576527,True,21.25148213,True,16.89675238,True,4.166000219,True,90.66911086,True,8.034462869,True,1.296426269,True,0.0,True,30,Low income
Benin,Lower middle income,True,12123.2,True,48.4149971,True,65.41,True,9.32,True,21.97,True,3.3,True,58.05226799,True,12.70520504,True,23.97796833,True,"5.264558634,73.25800004",False,5.708056353,True,19.83580681,True,1.198136794,True,,False,29,Lower middle income
Rwanda,Low income,True,12952.21,True,17.43200111,True,60.41,True,22.32,True,13.15,True,4.11,True,55.64246823,True,25.08014133,True,14.77886772,True,4.498522714,True,83.0175993,True,9.250506251,True,5.462303057,True,2.269591394,True,30,Low income
Guinea,Low income,True,13132.79,True,36.875,True,63.96,True,21.28,True,6.3,True,8.46,True,50.74817899,True,26.14432944,True,9.704719143,True,13.40277243,True,86.58169007,True,12.95724153,True,0.461068398,True,0.0,True,30,Low income
Zimbabwe,Lower middle income,True,14862.93,True,32.24200058,True,62.67,True,14.2,True,16.28,True,6.86,True,48.28242885,True,18.59098467,True,23.01364655,True,10.11293992,True,92.89512895,True,4.964517757,True,2.122298674,True,0.018054615,True,30,Lower middle income
Somalia,Low income,True,15893.22,True,46.14099884,True,56.48,True,27.7,True,13.42,True,2.4,True,37.07586282,True,36.64324958,True,21.82149546,True,4.459392143,True,79.12330574,True,17.26991556,True,3.606778703,True,0.0,True,30,Low income
Chad,Low income,True,16425.86,True,23.52000046,True,46.19,True,14.74,True,31.56,True,7.51,True,37.57521525,True,14.35396111,True,38.52496761,True,9.545856027,True,74.19222309,True,15.99651381,True,8.922452721,True,0.888810384,True,30,Low income
Cambodia,Lower middle income,True,16718.97,True,24.23200035,True,71.22,True,13.9,True,5.68,True,9.2,True,65.06715583,True,15.51772278,True,7.492899307,True,11.92222209,True,90.45807717,True,8.85091472,True,0.0,True,0.691008114,True,30,Lower middle income
Senegal,Lower middle income,True,16743.93,True,48.12200165,True,84.91,True,2.39,True,12.61,True,0.1,True,75.2429282,True,4.052382433,True,20.51245174,True,0.192237631,True,95.32170094,True,0.592083657,True,4.086215402,True,0.0,True,30,Lower middle income
Netherlands,High income,True,17134.87,True,92.23600006,True,100.0,True,0.0,True,0.0,True,0.0,True,100.0,True,0.0,True,0,True,0,True,100.0,True,0.0,True,0.0,True,0.0,True,30,High income
Syrian Arab Republic,Low income,True,17500.66,True,55.47500229,True,93.93,True,5.87,True,0.2,True,0.0,True,92.082745,True,7.917255,True,0,True,0,True,95.40516436,True,4.233570117,True,0.361265525,True,0.0,True,30,Low income
Ecuador,Upper middle income,True,17643.06,True,64.16600037,True,95.36,True,0.0,True,2.6,True,2.03,True,87.05074495,True,0.009631811,True,7.26819549,True,5.671427747,True,100.0,True,0.0,True,0.0,True,0.0,True,30,Upper middle income
Guatemala,Upper middle income,True,17915.57,True,51.83599854,True,94.01,True,1.03,True,3.22,True,1.74,True,90.1193298,True,1.849169999,True,4.583438691,True,3.448061508,True,97.61816944,True,0.276866006,True,1.94525887,True,0.159705685,True,30,Upper middle income
Zambia,Low income,True,18383.96,True,44.6289978,True,65.41,True,6.15,True,21.58,True,6.86,True,48.22728833,True,8.331703613,True,31.60865444,True,11.83235362,True,86.73385466,True,3.451996194,True,9.130414105,True,0.683735046,True,30,Low income
Kazakhstan,Upper middle income,True,18776.71,True,57.67100143,True,95.43,True,1.94,True,2.55,True,0.08,True,91.93925234,True,1.862616064,True,6.014693049,True,0.183438544,True,98.00073133,True,1.999268673,True,0.0,True,0.0,True,30,Upper middle income
Chile,High income,True,19116.21,True,87.72699738,True,100.0,True,0.0,True,0.0,True,0.0,True,100.0,True,0.0,True,0,True,0,True,100.0,True,0.0,True,0.0,True,0.0,True,30,High income
Malawi,Low income,True,19129.96,True,17.42700005,True,70.05,True,21.95,True,5.78,True,2.23,True,66.58504376,True,24.41415803,True,6.383874146,True,2.616924066,True,86.45469821,True,10.27894825,True,2.897503996,True,0.368849545,True,30,Low income
Romania,High income,True,19237.68,True,54.19400024,True,100.0,True,0.0,True,0.0,True,0.0,True,100.0,True,0.0,True,0,True,0,True,100.0,True,0.0,True,0.0,True,0.0,True,30,High income
Mali,Low income,True,20250.83,True,43.90900421,True,82.55,True,3.85,True,12.25,True,1.35,True,72.08089521,True,3.78241223,True,21.72810084,True,2.408591717,True,95.91745475,True,3.947121723,True,0.135423531,True,0.0,True,30,Low income
Burkina Faso,Low income,True,20903.28,True,30.60700035,True,47.21,True,31.27,True,21.16,True,0.35,True,32.7182589,True,38.62690254,True,28.3404457,True,0.314392863,True,80.08191854,True,14.60004919,True,4.875836487,True,0.442195781,True,30,Low income
Sri Lanka,Lower middle income,True,21413.25,True,18.71299934,True,92.23,True,0.6,True,5.35,True,1.83,True,90.5374357,True,0.703209904,True,6.510488612,True,2.248865782,True,99.56938019,True,0.12739779,True,0.30322202,True,0.0,True,30,Lower middle income
Niger,Low income,True,24206.64,True,16.62599945,True,46.91,True,21.65,True,27.03,True,4.41,True,39.15415932,True,23.98774039,True,31.99150648,True,4.866593813,True,85.81383976,True,9.950440829,True,2.13468778,True,2.101031634,True,30,Low income
Australia,High income,True,25499.88,True,86.24099731,True,99.97,True,0.0,True,0.03,True,0.0,True,100.0,True,0.0,True,0,True,0,True,99.965,True,0.0,True,0.035,True,0.0,True,30,High income
Democratic People's Republic of Korea,Low income,True,25778.81,True,62.38100052,True,93.84,True,0.68,True,5.21,True,0.26,True,88.75362488,True,0.356440261,True,10.18993486,True,0.7,True,96.91351044,True,0.88014288,True,2.206346677,True,0.0,True,30,Low income
C?te d'Ivoire,Lower middle income,True,26378.28,True,51.70599747,True,70.91,True,8.94,True,14.19,True,5.96,True,55.72244686,True,13.34316829,True,23.17527956,True,7.759105289,True,85.09355329,True,4.818535156,True,5.80236656,True,4.285544994,True,30,Lower middle income
Cameroon,Lower middle income,True,26545.86,True,57.56000519,True,65.72,True,12.87,True,15.0,True,6.4,True,43.52758112,True,12.67259943,True,30.12380645,True,13.676013,True,82.08358486,True,13.02379677,True,3.850701351,True,1.041917019,True,30,Lower middle income
Madagascar,Low income,True,27691.02,True,38.5340004,True,53.39,True,2.72,True,32.31,True,11.58,True,36.40642028,True,1.601776163,True,43.95389345,True,18.03791011,True,80.47000694,True,4.498430298,True,13.74049434,True,1.291068417,True,30,Low income
Venezuela (Bolivarian Republic of),0,False,28435.94,True,88.27899933,True,93.69,True,0.47,True,5.84,True,0.0,True,0.0,True,0.0,True,0,True,0,True,0.0,True,0.0,True,0.0,True,0.0,True,30,Unknown
Nepal,Lower middle income,True,29136.81,True,20.57600021,True,90.07,True,3.98,True,4.7,True,1.25,True,90.20327165,True,4.207348246,True,4.269023951,True,1.320356149,True,89.57763316,True,3.101581411,True,6.359123168,True,0.961662259,True,30,Lower middle income
Yemen,Low income,True,29825.97,True,37.90799713,True,60.66,True,28.96,True,7.78,True,2.6,True,50.68133437,True,33.53021373,True,11.60782393,True,4.180627978,True,77.01412934,True,21.48137937,True,1.504491286,True,0.0,True,30,Low income
Ghana,Lower middle income,True,31072.95,True,57.34899902,True,85.79,True,6.59,True,2.81,True,4.81,True,71.89275005,True,11.93454827,True,4.999356483,True,11.17334519,True,96.12725952,True,2.608342455,True,1.185613803,True,0.078784218,True,30,Lower middle income
Mozambique,Low income,True,31255.44,True,37.0739975,True,63.37,True,9.98,True,16.73,True,9.93,True,48.8666865,True,12.64088359,True,23.6862564,True,14.80617352,True,87.98504792,True,5.452291027,True,4.912684644,True,1.649976404,True,30,Low income
Malaysia,Upper middle income,True,32366.0,True,77.15999603,True,97.1,True,0.35,True,2.55,True,0.0,True,90.19744812,True,0.544451397,True,9.258100478,True,0,True,99.14309591,True,0.298324261,True,0.468579832,True,0.09,True,30,Upper middle income
Angola,Lower middle income,True,32866.27,True,66.82499695,True,57.17,True,9.29,True,19.45,True,14.09,True,27.80822661,True,8.740488389,True,22.93315258,True,40.51813242,True,71.74314862,True,9.558837489,True,17.72203473,True,0.975979163,True,30,Lower middle income
Peru,Upper middle income,True,32971.85,True,78.2970047,True,93.14,True,0.85,True,4.15,True,1.86,True,80.79943849,True,1.596943771,True,9.612691163,True,7.990926578,True,96.55984408,True,0.642393236,True,2.636408693,True,0.161353995,True,30,Upper middle income
Uzbekistan,Lower middle income,True,33469.2,True,50.41599655,True,97.83,True,0.0,True,0.22,True,1.95,True,96.07258236,True,0.0,True,0,True,3.927417637,True,99.55600556,True,0.0,True,0.443994443,True,0.0,True,30,Lower middle income
Saudi Arabia,High income,True,34813.87,True,84.28700256,True,100.0,True,0.0,True,0.0,True,0.0,True,0.0,True,0.0,True,0,True,0,True,0.0,True,0.0,True,0.0,True,0.0,True,30,High income
Morocco,Lower middle income,True,36910.56,True,63.53199768,True,90.4,True,5.26,True,2.88,True,1.46,True,77.34612896,True,12.03707816,True,6.623063373,True,3.993729502,True,97.89674601,True,1.375477117,True,0.727776876,True,0.0,True,30,Lower middle income
Canada,High income,True,37742.16,True,81.56200409,True,99.22,True,0.0,True,0.78,True,0.0,True,99.0604959,True,0.0,True,0.939504101,True,0,True,99.25827766,True,0.0,True,0.741722337,True,0.0,True,30,High income
Poland,High income,True,37846.61,True,60.04300308,True,99.97,True,0.0,True,0.03,True,0.0,True,100.0,True,0.0,True,0,True,0,True,99.94435484,True,0.0,True,0.055645161,True,0.0,True,30,High income
Afghanistan,Low income,True,38928.34,True,26.02599907,True,75.09,True,1.45,True,14.56,True,8.9,True,66.32791521,True,1.956824851,True,19.68294895,True,12.03231098,True,100.0,True,0.0,True,0.0,True,0.0,True,30,Low income
Iraq,Upper middle income,True,40222.5,True,70.89299774,True,98.36,True,0.89,True,0.0,True,0.75,True,94.83114678,True,2.599251339,True,0,True,2.569601877,True,99.80873103,True,0.19126897,True,0.0,True,0.0,True,30,Upper middle income
Ukraine,Lower middle income,True,43733.76,True,69.60800171,True,93.93,True,5.67,True,0.08,True,0.32,True,100.0,True,0.0,True,0,True,0,True,91.27727011,True,8.14845779,True,0.109045653,True,0.465226445,True,30,Lower middle income
Sudan,Low income,True,43849.27,True,35.25299835,True,60.45,True,26.67,True,3.65,True,9.23,True,53.19902707,True,27.45764451,True,5.637660008,True,13.70566842,True,73.76365956,True,25.22343986,True,0.0,True,1.012900581,True,30,Low income
Algeria,Lower middle income,True,43851.04,True,73.73300171,True,94.44,True,4.99,True,0.53,True,0.04,True,90.03753791,True,8.79672214,True,0.994603028,True,0.171136926,True,96.00473586,True,3.628288591,True,0.366975548,True,0.0,True,30,Lower middle income
Argentina,Upper middle income,True,45195.78,True,92.11100006,True,0.0,True,0.0,True,0.0,True,0.0,True,0.0,True,0.0,True,0,True,0,True,99.79042065,True,0.0,True,0.20957935,True,0.0,True,30,Upper middle income
Uganda,Low income,True,45741.0,True,24.95400047,True,55.86,True,27.28,True,12.17,True,4.7,True,48.23118958,True,31.78469426,True,14.07616061,True,5.907955546,True,78.7828518,True,13.74416783,True,6.421044133,True,1.051936238,True,30,Low income
Spain,High income,True,46754.78,True,80.80999756,True,99.93,True,0.0,True,0.07,True,0.0,True,100.0,True,0.0,True,0,True,0,True,99.90794521,True,0.0,True,0.092054795,True,0.0,True,30,High income
Colombia,Upper middle income,True,50882.88,True,81.42499542,True,97.49,True,0.19,True,0.95,True,1.37,True,86.76707282,True,0.731228202,True,5.13386897,True,7.367830005,True,99.9381928,True,0.0618072,True,0.0,True,0.0,True,30,Upper middle income
Republic of Korea,High income,True,51269.18,True,81.41400146,True,99.93,True,0.0,True,0.07,True,0.0,True,0.0,True,0.0,True,0,True,0,True,0.0,True,0.0,True,0.0,True,0.0,True,30,High income
Kenya,Lower middle income,True,53771.3,True,27.99499893,True,61.63,True,9.54,True,9.78,True,19.05,True,51.77997893,True,11.56900419,True,12.51911322,True,24.13190366,True,86.97523145,True,4.327944725,True,2.73514263,True,5.961681193,True,30,Lower middle income
Myanmar,Lower middle income,True,54409.79,True,31.14100075,True,83.72,True,1.6,True,5.11,True,9.58,True,78.42256469,True,2.316962142,True,6.592393694,True,12.66807947,True,95.42788606,True,0.0,True,1.830283006,True,2.741830931,True,30,Lower middle income
South Africa,Upper middle income,True,59308.69,True,67.35400391,True,93.89,True,2.77,True,1.41,True,1.93,True,83.32948118,True,6.977359359,True,3.776999287,True,5.916160173,True,99.00126484,True,0.734785403,True,0.263949755,True,0.0,True,30,Upper middle income
United Republic of Tanzania,Lower middle income,True,59734.21,True,35.22700119,True,60.72,True,11.29,True,14.52,True,13.48,True,45.44696534,True,13.98368881,True,21.21996133,True,19.34938452,True,88.7939249,True,6.337231166,True,2.194178786,True,2.674665152,True,30,Lower middle income
Italy,High income,True,60461.83,True,71.03899384,True,99.92,True,0.0,True,0.08,True,0.0,True,0.0,True,0.0,True,0,True,0,True,0.0,True,0.0,True,0.0,True,0.0,True,30,High income
France,High income,True,65273.51,True,80.97499847,True,100.0,True,0.0,True,0.0,True,0.0,True,100.0,True,0.0,True,0,True,0,True,100.0,True,0.0,True,0.0,True,0.0,True,30,High income
United Kingdom,High income,True,67886.01,True,83.90299988,True,100.0,True,0.0,True,0.0,True,0.0,True,100.0,True,0.0,True,0,True,0,True,100.0,True,0.0,True,0.0,True,0.0,True,30,High income
Thailand,Upper middle income,True,69799.98,True,51.43000031,True,100.0,True,0.0,True,0.0,True,0.0,True,100.0,True,0.0,True,0,True,0,True,100.0,True,0.0,True,0.0,True,0.0,True,30,Upper middle income
Germany,High income,True,83783.95,True,77.45300293,True,100.0,True,0.0,True,0.0,True,0.0,True,100.0,True,0.0,True,0,True,0,True,100.0,True,0.0,True,0.0,True,0.0,True,30,High income
Iran (Islamic Republic of),Lower middle income,True,83992.95,True,75.87400055,True,97.48,True,1.94,True,0.51,True,0.07,True,93.82873538,True,4.297948765,True,1.602839669,True,0.270476191,True,98.64448672,True,1.188006671,True,0.167506608,True,0.0,True,30,Lower middle income
Turkey,Upper middle income,True,84339.07,True,76.10500336,True,97.01,True,2.02,True,0.74,True,0.22,True,96.02516977,True,2.684574639,True,0.788255591,True,0.502,True,97.32481783,True,1.815385203,True,0.721796963,True,0.138,True,30,Upper middle income
Democratic Republic of the Congo,Lower middle income,True,89561.41,True,45.63800049,True,45.95,True,13.44,True,32.54,True,8.06,True,21.98279234,True,12.68294146,True,51.21598167,True,14.11828453,True,74.50335478,True,14.34445818,True,10.29905862,True,0.853128413,True,30,Lower middle income
Viet Nam,Lower middle income,True,97338.59,True,37.34000015,True,96.88,True,0.0,True,3.12,True,0.0,True,95.51453844,True,0.0,True,4.48546156,True,0,True,99.18304001,True,0.0,True,0.816959987,True,0.0,True,30,Lower middle income
Egypt,Lower middle income,True,102334.41,True,42.78300095,True,99.44,True,0.24,True,0.32,True,0.0,True,99.33283515,True,0.335941822,True,0.331223032,True,0,True,99.5837311,True,0.106101207,True,0.310167694,True,0.0,True,30,Lower middle income
Philippines,Lower middle income,True,109581.09,True,47.40799713,True,94.11,True,2.86,True,3.03,True,0.0,True,91.06193322,True,3.959520428,True,4.978546347,True,0,True,97.4893325,True,1.632836465,True,0.877831036,True,0.0,True,30,Lower middle income
Ethiopia,Low income,True,114963.59,True,21.69499969,True,49.62,True,26.74,True,18.64,True,5.01,True,40.03013919,True,30.18668334,True,23.49561327,True,6.287564203,True,84.21282816,True,14.30300858,True,1.091582355,True,0.392580896,True,30,Low income
Japan,High income,True,126476.46,True,91.78199768,True,99.08,True,0.0,True,0.92,True,0.0,True,0.0,True,0.0,True,0,True,0,True,0.0,True,0.0,True,0.0,True,0.0,True,30,High income
Mexico,Upper middle income,True,128932.75,True,80.73099518,True,99.68,True,0.0,True,0.32,True,0.0,True,98.33706893,True,0.0,True,1.662931067,True,0,True,100.0,True,0.0,True,0.0,True,0.0,True,30,Upper middle income
Russian Federation,Upper middle income,True,145934.45,True,74.75400543,True,96.99,True,0.62,True,2.39,True,0.0,True,91.54410196,True,1.583163513,True,6.872734531,True,0,True,98.83259961,True,0.297389969,True,0.670010424,True,0.2,True,30,Upper middle income
Bangladesh,Lower middle income,True,164689.39,True,38.17700195,True,97.7,True,1.16,True,0.46,True,0.68,True,97.88023776,True,0.85810498,True,0.316480241,True,0.945177015,True,97.40277797,True,1.639520121,True,0.699375215,True,0.258326693,True,30,Lower middle income
Nigeria,Lower middle income,True,206139.59,True,51.95800018,True,77.61,True,4.98,True,11.8,True,5.61,True,61.65821003,True,7.128924583,True,20.92487535,True,10.28799004,True,92.35770519,True,2.99188065,True,3.356908786,True,1.29350537,True,30,Lower middle income
Brazil,Upper middle income,True,212559.41,True,87.07299805,True,99.32,True,0.13,True,0.55,True,0.0,True,95.94525953,True,0.978950915,True,3.075789551,True,0,True,99.82200131,True,0.0,True,0.177998695,True,0.0,True,30,Upper middle income
Pakistan,Lower middle income,True,220892.33,True,37.16500092,True,90.15,True,3.82,True,4.41,True,1.62,True,88.59986076,True,3.852278117,True,5.174596509,True,2.373264617,True,92.76804985,True,3.771561162,True,3.126184571,True,0.334204422,True,30,Lower middle income
Indonesia,Lower middle income,True,273523.62,True,56.64099884,True,92.42,True,0.86,True,5.55,True,1.18,True,85.66796238,True,1.17809123,True,10.61491462,True,2.539031772,True,97.58051207,True,0.608509835,True,1.679615139,True,0.131362959,True,30,Lower middle income
United States of America,High income,True,331002.66,True,82.66400146,True,99.88,True,0.0,True,0.12,True,0.0,True,99.67078734,True,0.0,True,0.329212663,True,0,True,99.92814447,True,0.0,True,0.07185553,True,0.0,True,30,High income
India,Lower middle income,True,1380004.38,True,34.9260025,True,90.49,True,4.98,True,3.96,True,0.56,True,88.78250313,True,5.902210054,True,4.57637573,True,0.738911086,True,93.6700363,True,3.272056027,True,2.820607523,True,0.237300154,True,30,Lower middle income
China,Upper middle income,True,1463140.5,True,61.71308899,True,94.26,True,0.81,True,4.73,True,0.2,True,89.66123351,True,1.832679086,True,8.506087409,True,0,True,97.11488267,True,0.183178493,True,2.37993884,True,0.322,True,30,Upper middle income
