name,income_group,is_text_income_group,pop_n,is_numeric_pop_n,pop_u,is_numeric_pop_u,wat_bas_n,is_numeric_wat_bas_n,wat_lim_n,is_numeric_wat_lim_n,wat_unimp_n,is_numeric_wat_unimp_n,wat_sur_n,is_numeric_wat_sur_n,wat_bas_r,is_numeric_wat_bas_r,wat_lim_r,is_numeric_wat_lim_r,wat_unimp_r,is_numeric_wat_unimp_r,wat_sur_r,is_numeric_wat_sur_r,wat_bas_u,is_numeric_wat_bas_u,wat_lim_u,is_numeric_wat_lim_u,wat_unimp_u,is_numeric_wat_unimp_u,wat_sur_u,is_numeric_wat_sur_u,value_cnt
Tokelau,0,FALSE,1.350000024,TRUE,0,TRUE,99.70767665,TRUE,0,TRUE,0.292323346,TRUE,0,TRUE,99.70767665,TRUE,0,TRUE,0.292323346,TRUE,0,TRUE,0,TRUE,0,TRUE,0,TRUE,0,TRUE,30
Niue,0,FALSE,1.618000031,TRUE,46.20200348,TRUE,97.01087618,TRUE,0,TRUE,2.989123822,TRUE,0,TRUE,0,TRUE,0,TRUE,0,TRUE,0,TRUE,0,TRUE,0,TRUE,0,TRUE,0,TRUE,30
Falkland Islands (Malvinas),0,FALSE,3.48300004,TRUE,78.50799561,TRUE,95.3089274,TRUE,0,TRUE,4.691072596,TRUE,0,TRUE,78.17294282,TRUE,0,TRUE,21.82705718,TRUE,0,TRUE,100,TRUE,0,TRUE,0,TRUE,0,TRUE,30
Montserrat,0,FALSE,4.999000072,TRUE,9.114999771,TRUE,98.07748262,TRUE,0,TRUE,1.922517378,TRUE,0,TRUE,0,TRUE,0,TRUE,0,TRUE,0,TRUE,0,TRUE,0,TRUE,0,TRUE,0,TRUE,30
Saint Pierre and Miquelon,0,FALSE,5.795000076,TRUE,89.96199799,TRUE,91.4,TRUE,0,TRUE,8.6,TRUE,0,TRUE,0,TRUE,0,TRUE,0,TRUE,0,TRUE,0,TRUE,0,TRUE,0,TRUE,0,TRUE,30
Saint Helena,0,FALSE,6.071000099,TRUE,40.08200073,TRUE,99.1,TRUE,0,TRUE,0.9,TRUE,0,TRUE,0,TRUE,0,TRUE,0,TRUE,0,TRUE,0,TRUE,0,TRUE,0,TRUE,0,TRUE,30
Saint Barthelemy,0,FALSE,9.885,TRUE,100,TRUE,100,TRUE,0,TRUE,0,TRUE,0,TRUE,0,TRUE,0,TRUE,0,TRUE,0,TRUE,100,TRUE,0,TRUE,0,TRUE,0,TRUE,30
Nauru,High income,TRUE,10.83399963,TRUE,100,TRUE,100,TRUE,0,TRUE,0,TRUE,0,TRUE,0,TRUE,0,TRUE,0,TRUE,0,TRUE,100,TRUE,0,TRUE,0,TRUE,0,TRUE,30
Wallis and Futuna Islands,0,FALSE,11.24600029,TRUE,0,TRUE,99.14328736,TRUE,0,TRUE,0.856712639,TRUE,0,TRUE,99.14328736,TRUE,0,TRUE,0.856712639,TRUE,0,TRUE,0,TRUE,0,TRUE,0,TRUE,0,TRUE,30
Tuvalu,Upper middle income,TRUE,11.79199982,TRUE,64.01399994,TRUE,100,TRUE,0,TRUE,0,TRUE,0,TRUE,100,TRUE,0,TRUE,0,TRUE,0,TRUE,100,TRUE,0,TRUE,0,TRUE,0,TRUE,30
Cook Islands,0,FALSE,17.56399918,TRUE,75.49500275,TRUE,99.97161022,TRUE,0,TRUE,0.028389783,TRUE,0,TRUE,0,TRUE,0,TRUE,0,TRUE,0,TRUE,0,TRUE,0,TRUE,0,TRUE,0,TRUE,30
Palau,Upper middle income,TRUE,18.09199905,TRUE,80.98799896,TRUE,99.6575455,TRUE,0,TRUE,0.342454498,TRUE,0,TRUE,99.75698503,TRUE,0,TRUE,0.243014968,TRUE,0,TRUE,99.63420199,TRUE,0,TRUE,0.365798008,TRUE,0,TRUE,30
British Virgin Islands,High income,TRUE,30.23699951,TRUE,48.51499939,TRUE,99.86438356,TRUE,0,TRUE,0.135616438,TRUE,0,TRUE,0,TRUE,0,TRUE,0,TRUE,0,TRUE,0,TRUE,0,TRUE,0,TRUE,0,TRUE,30
Gibraltar,High income,TRUE,33.69100189,TRUE,100,TRUE,100,TRUE,0,TRUE,0,TRUE,0,TRUE,0,TRUE,0,TRUE,0,TRUE,0,TRUE,100,TRUE,0,TRUE,0,TRUE,0,TRUE,30
San Marino,High income,TRUE,33.93799973,TRUE,97.49900055,TRUE,100,TRUE,0,TRUE,0,TRUE,0,TRUE,0,TRUE,0,TRUE,0,TRUE,0,TRUE,0,TRUE,0,TRUE,0,TRUE,0,TRUE,30
Liechtenstein,High income,TRUE,38.13700104,TRUE,14.41600037,TRUE,100,TRUE,0,TRUE,0,TRUE,0,TRUE,0,TRUE,0,TRUE,0,TRUE,0,TRUE,0,TRUE,0,TRUE,0,TRUE,0,TRUE,30
Saint Martin (French part),High income,TRUE,38.659,TRUE,100,TRUE,99.99927139,TRUE,0,TRUE,0.000728611,TRUE,0,TRUE,0,TRUE,0,TRUE,0,TRUE,0,TRUE,99.99927139,TRUE,0,TRUE,0.000728611,TRUE,0,TRUE,30
Monaco,High income,TRUE,39.24399948,TRUE,100,TRUE,100,TRUE,0,TRUE,0,TRUE,0,TRUE,0,TRUE,0,TRUE,0,TRUE,0,TRUE,100,TRUE,0,TRUE,0,TRUE,0,TRUE,30
Faeroe Islands,High income,TRUE,48.86500168,TRUE,42.39799881,TRUE,100,TRUE,0,TRUE,0,TRUE,0,TRUE,0,TRUE,0,TRUE,0,TRUE,0,TRUE,0,TRUE,0,TRUE,0,TRUE,0,TRUE,30
American Samoa,Upper middle income,TRUE,55.1969986,TRUE,87.15299988,TRUE,99.77377166,TRUE,0,TRUE,0.226228342,TRUE,0,TRUE,0,TRUE,0,TRUE,0,TRUE,0,TRUE,0,TRUE,0,TRUE,0,TRUE,0,TRUE,30
Greenland,High income,TRUE,56.77199936,TRUE,87.28200531,TRUE,100.0000017,TRUE,0,TRUE,0,TRUE,0,TRUE,100,TRUE,0,TRUE,0,TRUE,0,TRUE,100,TRUE,0,TRUE,0,TRUE,0,TRUE,30
Northern Mariana Islands,High income,TRUE,57.55699921,TRUE,91.79799652,TRUE,100,TRUE,0,TRUE,0,TRUE,0,TRUE,0,TRUE,0,TRUE,0,TRUE,0,TRUE,0,TRUE,0,TRUE,0,TRUE,0,TRUE,30
Marshall Islands,"Upper middle income,59.19400024",TRUE,77.79399109,TRUE,88.57204698,TRUE,11.387979,TRUE,0.039974026,TRUE,0,TRUE,94.42972,TRUE,5.39028,TRUE,0.18,TRUE,0,TRUE,86.9,TRUE,13.1,TRUE,0,TRUE,0,TRUE,,FALSE,29
Bermuda,High income,TRUE,62.27299881,TRUE,100,TRUE,99.90314002,TRUE,0,TRUE,0.096859983,TRUE,0,TRUE,0,TRUE,0,TRUE,0,TRUE,0,TRUE,99.90314002,TRUE,0,TRUE,0.096859983,TRUE,0,TRUE,30
Andorra,High income,TRUE,77.26499939,TRUE,87.91600037,TRUE,100.0000037,TRUE,0,TRUE,0,TRUE,0,TRUE,100,TRUE,0,TRUE,0,TRUE,0,TRUE,100,TRUE,0,TRUE,0,TRUE,0,TRUE,30
Isle of Man,High income,TRUE,85.03199768,TRUE,52.89800262,TRUE,99.075,TRUE,0,TRUE,0.925,TRUE,0,TRUE,0,TRUE,0,TRUE,0,TRUE,0,TRUE,0,TRUE,0,TRUE,0,TRUE,0,TRUE,30
United States Virgin Islands,High income,TRUE,104.4229965,TRUE,95.93900299,TRUE,98.71826738,TRUE,0,TRUE,1.281732624,TRUE,0,TRUE,0,TRUE,0,TRUE,0,TRUE,0,TRUE,0,TRUE,0,TRUE,0,TRUE,0,TRUE,30
Tonga,Upper middle income,TRUE,105.6969986,TRUE,23.09899902,TRUE,98.73108083,TRUE,0.881497296,TRUE,0.387421878,TRUE,0,TRUE,98.46807854,TRUE,1.103159706,TRUE,"0.4287617551,0",FALSE,99.60665819,TRUE,0.143540536,TRUE,0.249801276,TRUE,0,TRUE,,FALSE,29
Kiribati,Lower middle income,TRUE,119.4459991,TRUE,55.59399796,TRUE,77.97092085,TRUE,4.076899625,TRUE,17.95217953,TRUE,0,TRUE,60.99418489,TRUE,2.096609799,TRUE,36.90920532,TRUE,0,TRUE,91.53117485,TRUE,5.658666461,TRUE,2.810158691,TRUE,0,TRUE,30
Guam,High income,TRUE,168.7830048,TRUE,94.93800354,TRUE,99.6952,TRUE,0,TRUE,0.3048,TRUE,0,TRUE,0,TRUE,0,TRUE,0,TRUE,0,TRUE,0,TRUE,0,TRUE,0,TRUE,0,TRUE,30
Saint Lucia,Upper middle income,TRUE,183.6289978,TRUE,18.8409996,TRUE,96.88784457,TRUE,1.815652166,TRUE,1.296503269,TRUE,0,TRUE,96.81402383,TRUE,1.734152255,TRUE,1.451823918,TRUE,0,TRUE,97.20582219,TRUE,2.166718886,TRUE,0.627458924,TRUE,0,TRUE,30
Samoa,Lower middle income,TRUE,198.4100037,TRUE,17.88899994,TRUE,91.83772455,TRUE,6.520899952,TRUE,1.418623428,TRUE,0.222752068,TRUE,91.78032287,TRUE,6.220703339,TRUE,1.72769216,TRUE,0.271281633,TRUE,92.10119,TRUE,7.89881,TRUE,0,TRUE,0,TRUE,30
Sao Tome and Principe,Lower middle income,TRUE,219.1609955,TRUE,74.35400391,TRUE,78.22645516,TRUE,20.23798298,TRUE,0.443519928,TRUE,1.09204193,TRUE,74.30061449,TRUE,19.71184258,TRUE,1.729405704,TRUE,4.258137228,TRUE,79.5805429,TRUE,20.4194571,TRUE,0,TRUE,0,TRUE,30
Mayotte,0,FALSE,272.8129883,TRUE,45.75099945,TRUE,96.37117971,TRUE,0,TRUE,3.628820295,TRUE,0,TRUE,0,TRUE,0,TRUE,0,TRUE,0,TRUE,0,TRUE,0,TRUE,0,TRUE,0,TRUE,30
French Polynesia,High income,TRUE,280.9039917,TRUE,61.97500229,TRUE,100,TRUE,0,TRUE,0,TRUE,0,TRUE,0,TRUE,0,TRUE,0,TRUE,0,TRUE,0,TRUE,0,TRUE,0,TRUE,0,TRUE,30
New Caledonia,High income,TRUE,285.4909973,TRUE,71.51799774,TRUE,99.30532057,TRUE,0,TRUE,0.694679428,TRUE,0,TRUE,0,TRUE,0,TRUE,0,TRUE,0,TRUE,0,TRUE,0,TRUE,0,TRUE,0,TRUE,30
Barbados,High income,TRUE,287.3710022,TRUE,31.19099998,TRUE,98.51445042,TRUE,0.267600576,TRUE,1.217949005,TRUE,0,TRUE,0,TRUE,0,TRUE,0,TRUE,0,TRUE,0,TRUE,0,TRUE,0,TRUE,0,TRUE,30
French Guiana,0,FALSE,298.6820068,TRUE,85.81999969,TRUE,93.78221635,TRUE,0,TRUE,6.217783652,TRUE,0,TRUE,0,TRUE,0,TRUE,0,TRUE,0,TRUE,0,TRUE,0,TRUE,0,TRUE,0,TRUE,30
Vanuatu,Lower middle income,TRUE,307.1499939,TRUE,25.52500153,TRUE,91.23119075,TRUE,1.06238505,TRUE,0,TRUE,7.706424202,TRUE,88.39720123,TRUE,1.255132675,TRUE,0,TRUE,10.3476661,TRUE,99.5,TRUE,0.5,TRUE,0,TRUE,0,TRUE,30
Iceland,High income,TRUE,341.25,TRUE,93.897995,TRUE,99.99999721,TRUE,0,TRUE,2.79E-06,TRUE,0,TRUE,100,TRUE,0,TRUE,0,TRUE,0,TRUE,100,TRUE,0,TRUE,0,TRUE,0,TRUE,30
Martinique,0,FALSE,375.2650146,TRUE,89.13999939,TRUE,99.84197078,TRUE,0,TRUE,0.158029216,TRUE,0,TRUE,0,TRUE,0,TRUE,0,TRUE,0,TRUE,0,TRUE,0,TRUE,0,TRUE,0,TRUE,30
Belize,Upper middle income,TRUE,397.6210022,TRUE,46.02500153,TRUE,98.40195463,TRUE,1.249110629,TRUE,0.348934741,TRUE,0,TRUE,97.99520758,TRUE,1.358317682,TRUE,0.646474739,TRUE,0,TRUE,98.87896,TRUE,1.12104,TRUE,0,TRUE,0,TRUE,30
Guadeloupe,0,FALSE,400.1270142,TRUE,98.49899292,TRUE,99.80312604,TRUE,0,TRUE,0.196873961,TRUE,0,TRUE,0,TRUE,0,TRUE,0,TRUE,0,TRUE,0,TRUE,0,TRUE,0,TRUE,0,TRUE,30
Brunei Darussalam,High income,TRUE,437.4830017,TRUE,78.25000763,TRUE,99.9000368,TRUE,0,TRUE,0.0999632,TRUE,0,TRUE,0,TRUE,0,TRUE,0,TRUE,0,TRUE,99.65,TRUE,0,TRUE,0.35,TRUE,0,TRUE,30
Malta,High income,TRUE,441.5390015,TRUE,94.7440033,TRUE,100.0000004,TRUE,0,TRUE,0,TRUE,0,TRUE,100,TRUE,0,TRUE,0,TRUE,0,TRUE,100,TRUE,0,TRUE,0,TRUE,0,TRUE,30
Maldives,Upper middle income,TRUE,540.5419922,TRUE,40.66899872,TRUE,99.5444386,TRUE,0.048050691,TRUE,0.407510705,TRUE,0,TRUE,99.9190125,TRUE,0.0809875,TRUE,0,TRUE,0,TRUE,98.99798893,TRUE,0,TRUE,1.002011069,TRUE,0,TRUE,30
Cabo Verde,Lower middle income,TRUE,555.9879761,TRUE,"66.65200043,88.76960642",FALSE,7.904150846,TRUE,3.209147716,TRUE,0.117095014,TRUE,80.11452544,TRUE,9.911127022,TRUE,9.623217003,TRUE,0.35113054,TRUE,93.1,TRUE,6.9,TRUE,0,TRUE,0,TRUE,,FALSE,29
Suriname,Upper middle income,TRUE,586.6339722,TRUE,66.14900208,TRUE,97.98963167,TRUE,1.067246941,TRUE,0.379336507,TRUE,0.563784884,TRUE,96.57441263,TRUE,1.60029586,TRUE,0.159801795,TRUE,1.66548972,TRUE,98.71385387,TRUE,0.794465237,TRUE,0.491680893,TRUE,0,TRUE,30
Luxembourg,High income,TRUE,625.9760132,TRUE,91.4529953,TRUE,99.87993254,TRUE,0,TRUE,0.120067465,TRUE,0,TRUE,98.5952381,TRUE,0,TRUE,1.404761905,TRUE,0,TRUE,100,TRUE,0,TRUE,0,TRUE,0,TRUE,30
Montenegro,Upper middle income,TRUE,628.0620117,TRUE,67.48800659,TRUE,98.85691652,TRUE,0.54547882,TRUE,0.592312011,TRUE,0.005292651,TRUE,98.16188754,TRUE,0,TRUE,1.821833386,TRUE,0.01627907,TRUE,99.19173959,TRUE,0.808260413,TRUE,0,TRUE,0,TRUE,30
"China, Macao SAR",High income,TRUE,649.34198,TRUE,100,TRUE,100,TRUE,0,TRUE,0,TRUE,0,TRUE,0,TRUE,0,TRUE,0,TRUE,0,TRUE,100,TRUE,0,TRUE,0,TRUE,0,TRUE,30
Solomon Islands,Lower middle income,TRUE,686.8779907,TRUE,24.67000008,TRUE,67.30102554,TRUE,5.79547831,TRUE,21.26784313,TRUE,5.635653025,TRUE,59.40526749,TRUE,6.528523649,TRUE,26.955911,TRUE,7.110297857,TRUE,91.41077689,TRUE,3.557120425,TRUE,3.899286137,TRUE,1.132816553,TRUE,30
Bhutan,Lower middle income,TRUE,771.6119995,TRUE,42.31599808,TRUE,97.31322263,TRUE,2.460712607,TRUE,0.176424218,TRUE,0.049640541,TRUE,96.73119365,TRUE,3.268806351,TRUE,0,TRUE,0,TRUE,98.10662849,TRUE,1.3591415,TRUE,0.416920848,TRUE,0.117309159,TRUE,30
Guyana,Upper middle income,TRUE,786.559021,TRUE,26.7859993,TRUE,95.55480685,TRUE,1.205244408,TRUE,1.143069849,TRUE,2.096878897,TRUE,93.9284905,TRUE,1.646193862,TRUE,1.561274833,TRUE,2.864040809,TRUE,100,TRUE,0,TRUE,0,TRUE,0,TRUE,30
R?union,0,FALSE,895.3079834,TRUE,99.65900421,TRUE,100,TRUE,0,TRUE,0,TRUE,0,TRUE,0,TRUE,0,TRUE,0,TRUE,0,TRUE,0,TRUE,0,TRUE,0,TRUE,0,TRUE,30
Fiji,Upper middle income,TRUE,896.4439697,TRUE,57.24700546,TRUE,94.30106524,TRUE,0,TRUE,3.318602766,TRUE,2.380331999,TRUE,89.08802405,TRUE,0,TRUE,5.759897938,TRUE,5.152078012,TRUE,98.19424406,TRUE,0,TRUE,1.495409344,TRUE,0.310346592,TRUE,30
Djibouti,Lower middle income,TRUE,988.0020142,TRUE,78.06199646,TRUE,76.04992021,TRUE,14.7574817,TRUE,7.015876051,TRUE,2.176722038,TRUE,47.28073293,TRUE,12.06161014,TRUE,30.73550468,TRUE,9.922152249,TRUE,84.13501493,TRUE,15.51511107,TRUE,0.349874003,TRUE,0,TRUE,30
Eswatini,Lower middle income,TRUE,1160.16394,TRUE,24.17100143,TRUE,70.75307095,TRUE,9.507067163,TRUE,9.835567931,TRUE,9.904293959,TRUE,62.46644874,TRUE,12.29969513,TRUE,12.45046093,TRUE,12.78339519,TRUE,96.74976305,TRUE,0.746064473,TRUE,1.632164244,TRUE,0.872008229,TRUE,30
Cyprus,High income,TRUE,1207.360962,TRUE,66.82099915,TRUE,99.76517318,TRUE,0,TRUE,0.234826817,TRUE,0,TRUE,99.84576172,TRUE,0,TRUE,0.154238284,TRUE,0,TRUE,99.72515812,TRUE,0,TRUE,0.274841883,TRUE,0,TRUE,30
Mauritius,Upper middle income,TRUE,1271.766968,TRUE,40.75999832,TRUE,99.8662547,TRUE,0,TRUE,0.133745301,TRUE,0,TRUE,99.82768234,TRUE,0,TRUE,0.172317662,TRUE,0,TRUE,99.92231522,TRUE,0,TRUE,0.077684781,TRUE,0,TRUE,30
Timor-Leste,Lower middle income,TRUE,1318.442017,TRUE,31.31999969,TRUE,85.4956012,TRUE,1.88586597,TRUE,8.360029397,TRUE,4.258503433,TRUE,80.48779562,TRUE,2.049364675,TRUE,11.26233968,TRUE,6.200500018,TRUE,96.47695792,TRUE,1.527338152,TRUE,1.995703929,TRUE,0,TRUE,30
Estonia,High income,TRUE,1326.53894,TRUE,69.22900391,TRUE,99.59078178,TRUE,0,TRUE,0.409218223,TRUE,0,TRUE,0,TRUE,0,TRUE,0,TRUE,0,TRUE,99.98545421,TRUE,0,TRUE,0.014545793,TRUE,0,TRUE,30
Trinidad and Tobago,High income,TRUE,1399.490967,TRUE,53.2140007,TRUE,98.87517077,TRUE,1.124829231,TRUE,0,TRUE,0,TRUE,0,TRUE,0,TRUE,0,TRUE,0,TRUE,0,TRUE,0,TRUE,0,TRUE,0,TRUE,30
Bahrain,High income,TRUE,1701.583008,TRUE,89.50600433,TRUE,100,TRUE,0,TRUE,0,TRUE,0,TRUE,0,TRUE,0,TRUE,0,TRUE,0,TRUE,0,TRUE,0,TRUE,0,TRUE,0,TRUE,30
Latvia,High income,TRUE,1886.202026,TRUE,68.31500244,TRUE,98.78260115,TRUE,0.682300742,TRUE,0.535098104,TRUE,0,TRUE,98.57922314,TRUE,0,TRUE,1.42077686,TRUE,0,TRUE,98.87692469,TRUE,0.998756815,TRUE,0.124318491,TRUE,0,TRUE,30
Guinea-Bissau,Low income,TRUE,1967.998047,TRUE,44.19599915,TRUE,59.01691221,TRUE,14.03457137,TRUE,26.6263769,TRUE,0.322139519,TRUE,49.8319053,TRUE,9.285773026,TRUE,40.31645129,TRUE,0.565870385,TRUE,70.61434791,TRUE,20.03063358,TRUE,9.340625284,TRUE,0.014393227,TRUE,30
Slovenia,High income,TRUE,2078.931885,TRUE,55.11800385,TRUE,99.5,TRUE,0,TRUE,0.5,TRUE,0,TRUE,0,TRUE,0,TRUE,0,TRUE,0,TRUE,0,TRUE,0,TRUE,0,TRUE,0,TRUE,30
North Macedonia,Upper middle income,TRUE,2083.379883,TRUE,58.48199844,TRUE,97.74281579,TRUE,1.63499414,TRUE,0.574228476,TRUE,0.047961597,TRUE,97.46871457,TRUE,1.505202232,TRUE,0.910563198,TRUE,0.11552,TRUE,97.93740299,TRUE,1.727136954,TRUE,0.335460056,TRUE,0,TRUE,30
Lesotho,Lower middle income,TRUE,2142.251953,TRUE,29.02799988,TRUE,72.17603927,TRUE,10.40592597,TRUE,12.21725464,TRUE,5.200780116,TRUE,63.65035482,TRUE,13.55843013,TRUE,15.73132479,TRUE,7.059890254,TRUE,93.02090855,TRUE,2.698211997,TRUE,3.625530038,TRUE,0.65534942,TRUE,30
Gabon,Upper middle income,TRUE,2225.728027,TRUE,90.09200287,TRUE,85.3419306,TRUE,7.735263103,TRUE,6.922808357,TRUE,0,TRUE,44.74588901,TRUE,10.51114859,TRUE,44.7429624,TRUE,0,TRUE,89.80653917,TRUE,7.42998076,TRUE,2.763480072,TRUE,0,TRUE,30
Botswana,Upper middle income,TRUE,2351.625,TRUE,70.8769989,TRUE,92.21356307,TRUE,4.72303897,TRUE,1.732526476,TRUE,1.330871481,TRUE,79.04372386,TRUE,15.15494718,TRUE,1.596119156,TRUE,4.20520981,TRUE,97.62498058,TRUE,0.436620032,TRUE,1.788579159,TRUE,0.149820228,TRUE,30
Gambia,Low income,TRUE,2416.664063,TRUE,62.58199692,TRUE,80.94040714,TRUE,8.597391391,TRUE,10.35285207,TRUE,0.109349393,TRUE,69.18852321,TRUE,16.49783239,TRUE,14.24376547,TRUE,0.069878937,TRUE,87.96690427,TRUE,3.873689522,TRUE,8.026457278,TRUE,0.132948925,TRUE,30
Namibia,Upper middle income,TRUE,2540.916016,TRUE,52.03300095,TRUE,84.27003628,TRUE,7.08762751,TRUE,3.740143722,TRUE,4.902192485,TRUE,71.25616743,TRUE,11.97218925,TRUE,7.081803759,TRUE,9.689839563,TRUE,96.26696535,TRUE,2.584758965,TRUE,0.659610264,TRUE,0.488665421,TRUE,30
Lithuania,High income,TRUE,2722.291016,TRUE,68.04599762,TRUE,98.01334724,TRUE,0,TRUE,1.98665276,TRUE,0,TRUE,93.78278023,TRUE,0,TRUE,6.217219771,TRUE,0,TRUE,100,TRUE,0,TRUE,0,TRUE,0,TRUE,30
Puerto Rico,High income,TRUE,2860.840088,TRUE,93.58100128,TRUE,100,TRUE,0,TRUE,0,TRUE,0,TRUE,0,TRUE,0,TRUE,0,TRUE,0,TRUE,0,TRUE,0,TRUE,0,TRUE,0,TRUE,30
Albania,Upper middle income,TRUE,2877.800049,TRUE,62.11199951,TRUE,95.06803883,TRUE,1.884656092,TRUE,3.047305081,TRUE,0,TRUE,94.09135806,TRUE,2.305264955,TRUE,3.603376986,TRUE,0,TRUE,95.66380912,TRUE,1.62808683,TRUE,2.708104054,TRUE,0,TRUE,30
Qatar,High income,TRUE,2881.060059,TRUE,99.23500061,TRUE,99.56810194,TRUE,0,TRUE,0.431898064,TRUE,0,TRUE,0,TRUE,0,TRUE,0,TRUE,0,TRUE,0,TRUE,0,TRUE,0,TRUE,0,TRUE,30
Jamaica,Upper middle income,TRUE,2961.160889,TRUE,56.31100082,TRUE,91.0299445,TRUE,5.367570914,TRUE,1.864010203,TRUE,1.738474379,TRUE,85.39991216,TRUE,8.490737371,TRUE,2.568971895,TRUE,3.540378574,TRUE,95.39801591,TRUE,2.944456223,TRUE,1.317064322,TRUE,0.34046355,TRUE,30
Armenia,Upper middle income,TRUE,2963.233887,TRUE,63.31299973,TRUE,99.97118069,TRUE,0,TRUE,0.028819308,TRUE,0,TRUE,100,TRUE,0,TRUE,0,TRUE,0,TRUE,99.95448122,TRUE,0,TRUE,0.045518784,TRUE,0,TRUE,30
Mongolia,Lower middle income,TRUE,3278.291992,TRUE,68.65699768,TRUE,85.49562527,TRUE,2.14642893,TRUE,6.633366714,TRUE,5.724579081,TRUE,61.07075114,TRUE,3.084170572,TRUE,17.58078116,TRUE,18.26429713,TRUE,96.64596558,TRUE,1.718335079,TRUE,1.635699341,TRUE,0,TRUE,30
Bosnia and Herzegovina,Upper middle income,TRUE,3280.814941,TRUE,49.02000046,TRUE,96.11389762,TRUE,3.823663938,TRUE,0.062438438,TRUE,0,TRUE,97.33333333,TRUE,2.666666667,TRUE,0,TRUE,0,TRUE,94.8457044,TRUE,5.026922206,TRUE,0.127373393,TRUE,0,TRUE,30
Uruguay,High income,TRUE,3473.727051,TRUE,95.51499939,TRUE,99.49575756,TRUE,0.504242441,TRUE,0,TRUE,0,TRUE,95.30083,TRUE,4.69917,TRUE,0,TRUE,0,TRUE,99.69273444,TRUE,0.307265562,TRUE,0,TRUE,0,TRUE,30
Georgia,Upper middle income,TRUE,3989.175049,TRUE,59.4529953,TRUE,97.3481397,TRUE,0,TRUE,2.632761379,TRUE,0.019098923,TRUE,94.2718842,TRUE,0,TRUE,5.703923618,TRUE,0.024192183,TRUE,99.44615394,TRUE,0,TRUE,0.538220742,TRUE,0.015625316,TRUE,30
Republic of Moldova,Upper middle income,TRUE,4033.962891,TRUE,42.84900284,TRUE,90.56996224,TRUE,1.519776762,TRUE,7.910260997,TRUE,0,TRUE,85.48103812,TRUE,1.52256302,TRUE,12.99639886,TRUE,0,TRUE,97.35744448,TRUE,1.516060408,TRUE,1.126495111,TRUE,0,TRUE,30
Croatia,High income,TRUE,4105.268066,TRUE,57.55299759,TRUE,0,TRUE,0,TRUE,0,TRUE,0,TRUE,0,TRUE,0,TRUE,0,TRUE,0,TRUE,100,TRUE,0,TRUE,0,TRUE,0,TRUE,30
Kuwait,High income,TRUE,4270.562988,TRUE,100,TRUE,100,TRUE,0,TRUE,0,TRUE,0,TRUE,0,TRUE,0,TRUE,0,TRUE,0,TRUE,0,TRUE,0,TRUE,0,TRUE,0,TRUE,30
Panama,High income,TRUE,4314.768066,TRUE,68.41400146,TRUE,94.37254436,TRUE,1.873480592,TRUE,2.262304247,TRUE,1.491670799,TRUE,86.32308326,TRUE,1.791982583,TRUE,7.162364342,TRUE,4.722569811,TRUE,98.08889267,TRUE,1.911107333,TRUE,0,TRUE,0,TRUE,30
Mauritania,Lower middle income,TRUE,4649.660156,TRUE,55.32699585,TRUE,71.68104923,TRUE,13.47689193,TRUE,14.82032681,TRUE,0.021732034,TRUE,49.9113389,TRUE,18.49039689,TRUE,31.5496173,TRUE,0.048646907,TRUE,89.25869465,TRUE,9.428808083,TRUE,1.31249727,TRUE,0,TRUE,30
New Zealand,High income,TRUE,4822.23291,TRUE,86.6989975,TRUE,100.0000013,TRUE,0,TRUE,0,TRUE,0,TRUE,100,TRUE,0,TRUE,0,TRUE,0,TRUE,100,TRUE,0,TRUE,0,TRUE,0,TRUE,30
Central African Republic,Low income,TRUE,4829.76416,TRUE,42.19799805,TRUE,37.20240205,TRUE,25.68237348,TRUE,33.53911377,TRUE,3.576110708,TRUE,28.10659415,TRUE,19.4058899,TRUE,46.37307301,TRUE,6.114442944,TRUE,49.66166495,TRUE,34.27978009,TRUE,15.95940214,TRUE,0.099152817,TRUE,30
Ireland,High income,TRUE,4937.795898,TRUE,63.65299988,TRUE,97.39970651,TRUE,0,TRUE,2.600293485,TRUE,0,TRUE,98.13492075,TRUE,0,TRUE,1.865079247,TRUE,0,TRUE,96.97988603,TRUE,0,TRUE,3.020113966,TRUE,0,TRUE,30
Liberia,Low income,TRUE,5057.676758,TRUE,52.08899689,TRUE,75.26179159,TRUE,8.700657475,TRUE,3.488080869,TRUE,12.54947006,TRUE,64.10021689,TRUE,6.537775797,TRUE,3.383709875,TRUE,25.97829744,TRUE,85.52810963,TRUE,10.69005698,TRUE,3.58408039,TRUE,0.197753001,TRUE,30
Costa Rica,Upper middle income,TRUE,5094.11377,TRUE,80.77099609,TRUE,99.81053693,TRUE,0.189459475,TRUE,3.59E-06,TRUE,0,TRUE,99.64625,TRUE,0.35375,TRUE,0,TRUE,0,TRUE,99.84965286,TRUE,0.150347143,TRUE,0,TRUE,0,TRUE,30
West Bank and Gaza Strip,Lower middle income,TRUE,5101.416016,TRUE,76.71899414,TRUE,97.88039722,TRUE,1.029979486,TRUE,1.089623295,TRUE,0,TRUE,98.71555642,TRUE,0.317400627,TRUE,0.967042958,TRUE,0,TRUE,97.62696443,TRUE,1.246217358,TRUE,1.126818208,TRUE,0,TRUE,30
Oman,High income,TRUE,5106.62207,TRUE,86.27599335,TRUE,92.16802469,TRUE,7.541419893,TRUE,0.260405204,TRUE,0.030150217,TRUE,76.25077991,TRUE,21.63212113,TRUE,1.897409218,TRUE,0.219689738,TRUE,94.7,TRUE,5.3,TRUE,0,TRUE,0,TRUE,30
Norway,High income,TRUE,5421.242188,TRUE,82.97399139,TRUE,99.9999955,TRUE,0,TRUE,4.50E-06,TRUE,0,TRUE,100,TRUE,0,TRUE,0,TRUE,0,TRUE,100,TRUE,0,TRUE,0,TRUE,0,TRUE,30
Slovakia,High income,TRUE,5459.643066,TRUE,53.75999832,TRUE,99.78769858,TRUE,0.212301424,TRUE,0,TRUE,0,TRUE,100,TRUE,0,TRUE,0,TRUE,0,TRUE,99.60509406,TRUE,0.394905937,TRUE,0,TRUE,0,TRUE,30
Congo,Lower middle income,TRUE,5518.091797,TRUE,67.82900238,TRUE,73.78451158,TRUE,10.46117203,TRUE,9.559180722,TRUE,6.195135664,TRUE,45.72441318,TRUE,10.6323901,TRUE,24.40516973,TRUE,19.23802699,TRUE,87.09329616,TRUE,10.37996439,TRUE,2.517789997,TRUE,0.008949452,TRUE,30
Finland,High income,TRUE,5540.717773,TRUE,85.51700592,TRUE,100.0000033,TRUE,0,TRUE,0,TRUE,0,TRUE,100,TRUE,0,TRUE,0,TRUE,0,TRUE,100,TRUE,0,TRUE,0,TRUE,0,TRUE,30
Denmark,High income,TRUE,5792.203125,TRUE,88.11600494,TRUE,100.0000011,TRUE,0,TRUE,0,TRUE,0,TRUE,100,TRUE,0,TRUE,0,TRUE,0,TRUE,100,TRUE,0,TRUE,0,TRUE,0,TRUE,30
Singapore,High income,TRUE,5850.342773,TRUE,100,TRUE,100,TRUE,0,TRUE,0,TRUE,0,TRUE,0,TRUE,0,TRUE,0,TRUE,0,TRUE,100,TRUE,0,TRUE,0,TRUE,0,TRUE,30
Turkmenistan,Upper middle income,TRUE,6031.187012,TRUE,52.51600266,TRUE,100,TRUE,0,TRUE,0,TRUE,0,TRUE,100,TRUE,0,TRUE,0,TRUE,0,TRUE,100,TRUE,0,TRUE,0,TRUE,0,TRUE,30
El Salvador,Lower middle income,TRUE,6486.201172,TRUE,73.44400024,TRUE,97.94657541,TRUE,0.207263232,TRUE,0.315173997,TRUE,1.530987366,TRUE,93.45439508,TRUE,0.780476205,TRUE,0,TRUE,5.765128712,TRUE,99.57087001,TRUE,0,TRUE,0.429129994,TRUE,0,TRUE,30
Kyrgyzstan,0,FALSE,6524.190918,TRUE,36.85599899,TRUE,91.69930522,TRUE,1.900734111,TRUE,1.8656487,TRUE,4.534311965,TRUE,87.258429,TRUE,2.606070485,TRUE,2.954593684,TRUE,7.180906832,TRUE,99.30769231,TRUE,0.692307692,TRUE,0,TRUE,0,TRUE,30
Nicaragua,Lower middle income,TRUE,6624.554199,TRUE,59.01200104,TRUE,81.7087538,TRUE,1.506645682,TRUE,13.53053114,TRUE,3.254069378,TRUE,59.10744663,TRUE,3.520974285,TRUE,29.78017368,TRUE,7.5914054,TRUE,97.40695661,TRUE,0.107552314,TRUE,2.244007656,TRUE,0.241483423,TRUE,30
Lebanon,Lower middle income,TRUE,6825.441895,TRUE,88.92499542,TRUE,92.6,TRUE,7.4,TRUE,0,TRUE,0,TRUE,0,TRUE,0,TRUE,0,TRUE,0,TRUE,0,TRUE,0,TRUE,0,TRUE,0,TRUE,30
Libya,Upper middle income,TRUE,6871.287109,TRUE,80.69100189,TRUE,99.8915238,TRUE,0,TRUE,0.108476201,TRUE,0,TRUE,0,TRUE,0,TRUE,0,TRUE,0,TRUE,0,TRUE,0,TRUE,0,TRUE,0,TRUE,30
Bulgaria,Upper middle income,TRUE,6948.444824,TRUE,75.68599701,TRUE,99.01141694,TRUE,0,TRUE,0.988583061,TRUE,0,TRUE,97.40128797,TRUE,0,TRUE,2.598712031,TRUE,0,TRUE,99.5286704,TRUE,0,TRUE,0.471329601,TRUE,0,TRUE,30
Paraguay,Upper middle income,TRUE,7132.529785,TRUE,62.18299484,TRUE,99.59346633,TRUE,0.406530244,TRUE,3.42E-06,TRUE,0,TRUE,99.11122753,TRUE,0.888772468,TRUE,0,TRUE,0,TRUE,99.88674854,TRUE,0.113251464,TRUE,0,TRUE,0,TRUE,30
Lao People's Democratic Republic,Lower middle income,TRUE,7275.556152,TRUE,36.29000092,TRUE,85.21974318,TRUE,3.566857739,TRUE,10.62886799,TRUE,0.584531094,TRUE,78.47295942,TRUE,5.598583786,TRUE,15.0109696,TRUE,0.917487196,TRUE,97.06426222,TRUE,0,TRUE,2.935737778,TRUE,0,TRUE,30
"China, Hong Kong SAR",High income,TRUE,7496.987793,TRUE,100,TRUE,100,TRUE,0,TRUE,0,TRUE,0,TRUE,0,TRUE,0,TRUE,0,TRUE,0,TRUE,100,TRUE,0,TRUE,0,TRUE,0,TRUE,30
Sierra Leone,Low income,TRUE,7976.984863,TRUE,42.92300034,TRUE,63.76628562,TRUE,9.023316357,TRUE,"15.5639457,11.64645233",FALSE,52.75270267,TRUE,5.221136889,TRUE,23.14294909,TRUE,18.88321135,TRUE,78.41163766,TRUE,14.07927743,TRUE,5.485735437,TRUE,2.023349475,TRUE,,FALSE,29
Togo,Low income,TRUE,8278.737305,TRUE,42.79999924,TRUE,68.58372009,TRUE,6.065434765,TRUE,14.16432245,TRUE,11.18652269,TRUE,52.11755275,TRUE,8.187542019,TRUE,20.7910842,TRUE,18.90382103,TRUE,90.58991001,TRUE,3.229348056,TRUE,5.307990528,TRUE,0.872751405,TRUE,30
Switzerland,High income,TRUE,8654.618164,TRUE,73.91500092,TRUE,100.0000028,TRUE,0,TRUE,0,TRUE,0,TRUE,100,TRUE,0,TRUE,0,TRUE,0,TRUE,100,TRUE,0,TRUE,0,TRUE,0,TRUE,30
Israel,High income,TRUE,8655.541016,TRUE,92.58699799,TRUE,100,TRUE,0,TRUE,0,TRUE,0,TRUE,100,TRUE,0,TRUE,0,TRUE,0,TRUE,100,TRUE,0,TRUE,0,TRUE,0,TRUE,30
Serbia,Upper middle income,TRUE,8737.370117,TRUE,56.44599915,TRUE,95.29552932,TRUE,4.244199279,TRUE,0.443720478,TRUE,0.016550926,TRUE,95.84497475,TRUE,3.545864028,TRUE,0.571160287,TRUE,0.038000931,TRUE,94.87156989,TRUE,4.783037865,TRUE,0.345392245,TRUE,0,TRUE,30
Papua New Guinea,Lower middle income,TRUE,8947.027344,TRUE,13.34500027,TRUE,45.34401752,TRUE,2.128564452,TRUE,22.15762495,TRUE,30.36979308,TRUE,39.07134367,TRUE,2.429850293,TRUE,24.43180086,TRUE,34.06700517,TRUE,86.07527164,TRUE,0.172182261,TRUE,7.390385564,TRUE,6.362160532,TRUE,30
Austria,High income,TRUE,9006.400391,TRUE,58.7480011,TRUE,100,TRUE,0,TRUE,0,TRUE,0,TRUE,100,TRUE,0,TRUE,0,TRUE,0,TRUE,100,TRUE,0,TRUE,0,TRUE,0,TRUE,30
Belarus,Upper middle income,TRUE,9449.321289,TRUE,79.48300171,TRUE,96.53472608,TRUE,3.37211955,TRUE,0.093154368,TRUE,0,TRUE,98.56412231,TRUE,0.995597195,TRUE,0.440280493,TRUE,0,TRUE,96.01087362,TRUE,3.985572644,TRUE,0.003553732,TRUE,0,TRUE,30
Tajikistan,Lower middle income,TRUE,9537.641602,TRUE,27.50599861,TRUE,81.85241502,TRUE,2.568363935,TRUE,3.421857005,TRUE,12.15736404,TRUE,76.6435992,TRUE,3.207143928,TRUE,4.140706948,TRUE,16.00854992,TRUE,95.58062386,TRUE,0.884814476,TRUE,1.527268323,TRUE,2.007293339,TRUE,30
Hungary,High income,TRUE,9660.349609,TRUE,71.94200134,TRUE,99.99999747,TRUE,0,TRUE,2.53E-06,TRUE,0,TRUE,100,TRUE,0,TRUE,0,TRUE,0,TRUE,100,TRUE,0,TRUE,0,TRUE,0,TRUE,30
United Arab Emirates,High income,TRUE,9890.400391,TRUE,87.04799652,TRUE,99.965596,TRUE,0,TRUE,0.034404,TRUE,0,TRUE,0,TRUE,0,TRUE,0,TRUE,0,TRUE,0,TRUE,0,TRUE,0,TRUE,0,TRUE,30
Honduras,Lower middle income,TRUE,9904.608398,TRUE,58.35899734,TRUE,95.68922113,TRUE,0.425620609,TRUE,3.885158264,TRUE,0,TRUE,89.87579955,TRUE,0.806709508,TRUE,9.317490946,TRUE,0,TRUE,99.83728281,TRUE,0.153701526,TRUE,0.009015663,TRUE,0,TRUE,30
Sweden,High income,TRUE,10099.26953,TRUE,87.97699738,TRUE,99.82686763,TRUE,0,TRUE,0.173132374,TRUE,0,TRUE,99.71937474,TRUE,0,TRUE,0.280625263,TRUE,0,TRUE,99.84155768,TRUE,0,TRUE,0.158442316,TRUE,0,TRUE,30
Azerbaijan,Upper middle income,TRUE,10139.1748,TRUE,56.39700317,TRUE,96.04337613,TRUE,1.04278118,TRUE,2.913842688,TRUE,0,TRUE,90.92579795,TRUE,2.391535671,TRUE,6.682666377,TRUE,0,TRUE,100,TRUE,0,TRUE,0,TRUE,0,TRUE,30
Portugal,High income,TRUE,10196.70703,TRUE,66.30999756,TRUE,99.91199367,TRUE,0,TRUE,0.088006334,TRUE,0,TRUE,99.73877609,TRUE,0,TRUE,0.261223912,TRUE,0,TRUE,100,TRUE,0,TRUE,0,TRUE,0,TRUE,30
Jordan,Upper middle income,TRUE,10203.13965,TRUE,91.41799927,TRUE,98.94030296,TRUE,0.146214737,TRUE,0.85364747,TRUE,0.059834832,TRUE,97.31147869,TRUE,0.623946595,TRUE,2.024714716,TRUE,0.03986,TRUE,99.09321259,TRUE,0.101366941,TRUE,0.743710471,TRUE,0.06171,TRUE,30
Greece,High income,TRUE,10423.05566,TRUE,79.71500397,TRUE,100.0000023,TRUE,0,TRUE,0,TRUE,0,TRUE,100,TRUE,0,TRUE,0,TRUE,0,TRUE,100,TRUE,0,TRUE,0,TRUE,0,TRUE,30
Czech Republic,High income,TRUE,10708.98242,TRUE,74.06100464,TRUE,99.88059167,TRUE,0,TRUE,0.119408333,TRUE,0,TRUE,99.8175993,TRUE,0,TRUE,0.182400697,TRUE,0,TRUE,99.90265093,TRUE,0,TRUE,0.097349068,TRUE,0,TRUE,30
Dominican Republic,Upper middle income,TRUE,10847.9043,TRUE,82.54000092,TRUE,96.68681192,TRUE,0.46703865,TRUE,1.269428783,TRUE,1.576720644,TRUE,90.30446437,TRUE,1.385315508,TRUE,1.115118127,TRUE,7.195101991,TRUE,98.03689158,TRUE,0.272792036,TRUE,1.302073396,TRUE,0.388242992,TRUE,30
South Sudan,Low income,TRUE,11193.72852,TRUE,20.1989994,TRUE,40.95092717,TRUE,37.42696287,TRUE,13.53755519,TRUE,8.084554762,TRUE,33.59362881,TRUE,42.16438068,TRUE,14.11109616,TRUE,10.13089435,TRUE,70.01770445,TRUE,18.71066092,TRUE,11.27163464,TRUE,0,TRUE,30
Cuba,Upper middle income,TRUE,11326.61621,TRUE,77.19400024,TRUE,97.00269616,TRUE,1.471384542,TRUE,1.252811506,TRUE,0.273107796,TRUE,94.38665114,TRUE,2.591752445,TRUE,1.905972935,TRUE,1.115623477,TRUE,97.77557664,TRUE,1.1403859,TRUE,1.059840374,TRUE,0.024197084,TRUE,30
Haiti,Lower middle income,TRUE,11402.5332,TRUE,57.08799744,TRUE,66.6953084,TRUE,9.814543652,TRUE,23.49014795,TRUE,0,TRUE,42.8457001,TRUE,13.25598695,TRUE,43.89831295,TRUE,0,TRUE,84.62262129,TRUE,7.227673879,TRUE,8.149704835,TRUE,0,TRUE,30
Belgium,High income,TRUE,11589.61621,TRUE,98.07899475,TRUE,99.99999645,TRUE,0,TRUE,3.55E-06,TRUE,0,TRUE,100,TRUE,0,TRUE,0,TRUE,0,TRUE,100,TRUE,0,TRUE,0,TRUE,0,TRUE,30
Bolivia (Plurinational State of),Lower middle income,TRUE,11673.0293,TRUE,70.1230011,TRUE,93.39007163,TRUE,0.13659053,TRUE,1.575010843,TRUE,4.898326997,TRUE,79.93664283,TRUE,0.244736408,TRUE,3.954133693,TRUE,15.86448707,TRUE,99.12211832,TRUE,0.090513289,TRUE,0.561345381,TRUE,0.226023011,TRUE,30
Tunisia,Lower middle income,TRUE,11818.61816,TRUE,69.56800079,TRUE,97.54330899,TRUE,1.63135067,TRUE,0.825340338,TRUE,0,TRUE,93.93623193,TRUE,3.351687357,TRUE,2.71208071,TRUE,0,TRUE,99.12119763,TRUE,0.878802368,TRUE,0,TRUE,0,TRUE,30
Burundi,Low income,TRUE,11890.78125,TRUE,13.70800018,TRUE,62.20712225,TRUE,19.43969314,TRUE,14.75825969,TRUE,3.594924913,TRUE,57.68576527,TRUE,21.25148213,TRUE,16.89675238,TRUE,4.166000219,TRUE,90.66911086,TRUE,8.034462869,TRUE,1.296426269,TRUE,0,TRUE,30
Benin,Lower middle income,TRUE,12123.19824,TRUE,48.4149971,TRUE,65.41412299,TRUE,9.317535586,TRUE,21.97254088,TRUE,3.295800547,TRUE,58.05226799,TRUE,12.70520504,TRUE,23.97796833,TRUE,"5.264558634,73.25800004",FALSE,5.708056353,TRUE,19.83580681,TRUE,1.198136794,TRUE,,FALSE,29
Rwanda,Low income,TRUE,12952.20898,TRUE,17.43200111,TRUE,60.41450115,TRUE,22.3207193,TRUE,13.15480415,TRUE,4.109975401,TRUE,55.64246823,TRUE,25.08014133,TRUE,14.77886772,TRUE,4.498522714,TRUE,83.0175993,TRUE,9.250506251,TRUE,5.462303057,TRUE,2.269591394,TRUE,30
Guinea,Low income,TRUE,13132.79199,TRUE,36.875,TRUE,63.96178874,TRUE,21.2815915,TRUE,6.296119406,TRUE,8.460500354,TRUE,50.74817899,TRUE,26.14432944,TRUE,9.704719143,TRUE,13.40277243,TRUE,86.58169007,TRUE,12.95724153,TRUE,0.461068398,TRUE,0,TRUE,30
Zimbabwe,Lower middle income,TRUE,14862.92676,TRUE,32.24200058,TRUE,62.66645761,TRUE,14.1975397,TRUE,16.27785545,TRUE,6.858147242,TRUE,48.28242885,TRUE,18.59098467,TRUE,23.01364655,TRUE,10.11293992,TRUE,92.89512895,TRUE,4.964517757,TRUE,2.122298674,TRUE,0.018054615,TRUE,30
Somalia,Low income,TRUE,15893.21875,TRUE,46.14099884,TRUE,56.47697339,TRUE,27.70419956,TRUE,13.41704303,TRUE,2.401784021,TRUE,37.07586282,TRUE,36.64324958,TRUE,21.82149546,TRUE,4.459392143,TRUE,79.12330574,TRUE,17.26991556,TRUE,3.606778703,TRUE,0,TRUE,30
Chad,Low income,TRUE,16425.85938,TRUE,23.52000046,TRUE,46.18753479,TRUE,14.74028929,TRUE,31.56245714,TRUE,7.509718784,TRUE,37.57521525,TRUE,14.35396111,TRUE,38.52496761,TRUE,9.545856027,TRUE,74.19222309,TRUE,15.99651381,TRUE,8.922452721,TRUE,0.888810384,TRUE,30
Cambodia,Lower middle income,TRUE,16718.9707,TRUE,24.23200035,TRUE,71.21988497,TRUE,13.90222204,TRUE,5.677218558,TRUE,9.200674434,TRUE,65.06715583,TRUE,15.51772278,TRUE,7.492899307,TRUE,11.92222209,TRUE,90.45807717,TRUE,8.85091472,TRUE,0,TRUE,0.691008114,TRUE,30
Senegal,Lower middle income,TRUE,16743.92969,TRUE,48.12200165,TRUE,84.90523779,TRUE,2.387217509,TRUE,12.60781566,TRUE,0.09972904,TRUE,75.2429282,TRUE,4.052382433,TRUE,20.51245174,TRUE,0.192237631,TRUE,95.32170094,TRUE,0.592083657,TRUE,4.086215402,TRUE,0,TRUE,30
Netherlands,High income,TRUE,17134.87305,TRUE,92.23600006,TRUE,99.99999929,TRUE,0,TRUE,7.12E-07,TRUE,0,TRUE,100,TRUE,0,TRUE,0,TRUE,0,TRUE,100,TRUE,0,TRUE,0,TRUE,0,TRUE,30
Syrian Arab Republic,Low income,TRUE,17500.65625,TRUE,55.47500229,TRUE,93.92585718,TRUE,5.873730768,TRUE,0.200412054,TRUE,0,TRUE,92.082745,TRUE,7.917255,TRUE,0,TRUE,0,TRUE,95.40516436,TRUE,4.233570117,TRUE,0.361265525,TRUE,0,TRUE,30
Ecuador,Upper middle income,TRUE,17643.06055,TRUE,64.16600037,TRUE,95.35976356,TRUE,0.003451463,TRUE,2.604485389,TRUE,2.032299589,TRUE,87.05074495,TRUE,0.009631811,TRUE,7.26819549,TRUE,5.671427747,TRUE,100,TRUE,0,TRUE,0,TRUE,0,TRUE,30
Guatemala,Upper middle income,TRUE,17915.56641,TRUE,51.83599854,TRUE,94.00642827,TRUE,1.034150511,TRUE,3.215911815,TRUE,1.743509404,TRUE,90.1193298,TRUE,1.849169999,TRUE,4.583438691,TRUE,3.448061508,TRUE,97.61816944,TRUE,0.276866006,TRUE,1.94525887,TRUE,0.159705685,TRUE,30
Zambia,Low income,TRUE,18383.95508,TRUE,44.6289978,TRUE,65.41238357,TRUE,6.15393902,TRUE,21.57684071,TRUE,6.856836706,TRUE,48.22728833,TRUE,8.331703613,TRUE,31.60865444,TRUE,11.83235362,TRUE,86.73385466,TRUE,3.451996194,TRUE,9.130414105,TRUE,0.683735046,TRUE,30
Kazakhstan,Upper middle income,TRUE,18776.70703,TRUE,57.67100143,TRUE,95.43497032,TRUE,1.941425039,TRUE,2.545956934,TRUE,0.077647705,TRUE,91.93925234,TRUE,1.862616064,TRUE,6.014693049,TRUE,0.183438544,TRUE,98.00073133,TRUE,1.999268673,TRUE,0,TRUE,0,TRUE,30
Chile,High income,TRUE,19116.20898,TRUE,87.72699738,TRUE,99.99999872,TRUE,0,TRUE,1.28E-06,TRUE,0,TRUE,100,TRUE,0,TRUE,0,TRUE,0,TRUE,100,TRUE,0,TRUE,0,TRUE,0,TRUE,30
Malawi,Low income,TRUE,19129.95508,TRUE,17.42700005,TRUE,70.04772851,TRUE,21.95081497,TRUE,5.776304407,TRUE,2.22515211,TRUE,66.58504376,TRUE,24.41415803,TRUE,6.383874146,TRUE,2.616924066,TRUE,86.45469821,TRUE,10.27894825,TRUE,2.897503996,TRUE,0.368849545,TRUE,30
Romania,High income,TRUE,19237.68164,TRUE,54.19400024,TRUE,100,TRUE,0,TRUE,0,TRUE,0,TRUE,100,TRUE,0,TRUE,0,TRUE,0,TRUE,100,TRUE,0,TRUE,0,TRUE,0,TRUE,30
Mali,Low income,TRUE,20250.83398,TRUE,43.90900421,TRUE,82.54729103,TRUE,3.854734527,TRUE,12.24697135,TRUE,1.35100309,TRUE,72.08089521,TRUE,3.78241223,TRUE,21.72810084,TRUE,2.408591717,TRUE,95.91745475,TRUE,3.947121723,TRUE,0.135423531,TRUE,0,TRUE,30
Burkina Faso,Low income,TRUE,20903.27734,TRUE,30.60700035,TRUE,47.21485446,TRUE,31.2730034,TRUE,21.15863263,TRUE,0.353509502,TRUE,32.7182589,TRUE,38.62690254,TRUE,28.3404457,TRUE,0.314392863,TRUE,80.08191854,TRUE,14.60004919,TRUE,4.875836487,TRUE,0.442195781,TRUE,30
Sri Lanka,Lower middle income,TRUE,21413.25,TRUE,18.71299934,TRUE,92.22757937,TRUE,0.59545815,TRUE,5.348927064,TRUE,1.82803542,TRUE,90.5374357,TRUE,0.703209904,TRUE,6.510488612,TRUE,2.248865782,TRUE,99.56938019,TRUE,0.12739779,TRUE,0.30322202,TRUE,0,TRUE,30
Niger,Low income,TRUE,24206.63672,TRUE,16.62599945,TRUE,46.91179747,TRUE,21.6538987,TRUE,27.02751244,TRUE,4.406791392,TRUE,39.15415932,TRUE,23.98774039,TRUE,31.99150648,TRUE,4.866593813,TRUE,85.81383976,TRUE,9.950440829,TRUE,2.13468778,TRUE,2.101031634,TRUE,30
Australia,High income,TRUE,25499.88086,TRUE,86.24099731,TRUE,99.96981182,TRUE,0,TRUE,0.030188179,TRUE,0,TRUE,100,TRUE,0,TRUE,0,TRUE,0,TRUE,99.965,TRUE,0,TRUE,0.035,TRUE,0,TRUE,30
Democratic People's Republic of Korea,Low income,TRUE,25778.81445,TRUE,62.38100052,TRUE,93.84384303,TRUE,0.683131187,TRUE,5.20969278,TRUE,0.263333006,TRUE,88.75362488,TRUE,0.356440261,TRUE,10.18993486,TRUE,0.7,TRUE,96.91351044,TRUE,0.88014288,TRUE,2.206346677,TRUE,0,TRUE,30
C?te d'Ivoire,Lower middle income,TRUE,26378.27539,TRUE,51.70599747,TRUE,70.90907039,TRUE,8.935421702,TRUE,14.19244161,TRUE,5.963066293,TRUE,55.72244686,TRUE,13.34316829,TRUE,23.17527956,TRUE,7.759105289,TRUE,85.09355329,TRUE,4.818535156,TRUE,5.80236656,TRUE,4.285544994,TRUE,30
Cameroon,Lower middle income,TRUE,26545.86328,TRUE,57.56000519,TRUE,65.72041818,TRUE,12.87474863,TRUE,15.00100626,TRUE,6.403826927,TRUE,43.52758112,TRUE,12.67259943,TRUE,30.12380645,TRUE,13.676013,TRUE,82.08358486,TRUE,13.02379677,TRUE,3.850701351,TRUE,1.041917019,TRUE,30
Madagascar,Low income,TRUE,27691.01953,TRUE,38.5340004,TRUE,53.38588491,TRUE,2.71797298,TRUE,32.31145967,TRUE,11.58468244,TRUE,36.40642028,TRUE,1.601776163,TRUE,43.95389345,TRUE,18.03791011,TRUE,80.47000694,TRUE,4.498430298,TRUE,13.74049434,TRUE,1.291068417,TRUE,30
Venezuela (Bolivarian Republic of),0,FALSE,28435.94336,TRUE,88.27899933,TRUE,93.68580071,TRUE,0.470782918,TRUE,5.843416373,TRUE,0,TRUE,0,TRUE,0,TRUE,0,TRUE,0,TRUE,0,TRUE,0,TRUE,0,TRUE,0,TRUE,30
Nepal,Lower middle income,TRUE,29136.80859,TRUE,20.57600021,TRUE,90.07454179,TRUE,3.979825725,TRUE,4.699081176,TRUE,1.246551314,TRUE,90.20327165,TRUE,4.207348246,TRUE,4.269023951,TRUE,1.320356149,TRUE,89.57763316,TRUE,3.101581411,TRUE,6.359123168,TRUE,0.961662259,TRUE,30
Yemen,Low income,TRUE,29825.96875,TRUE,37.90799713,TRUE,60.66356984,TRUE,28.9627418,TRUE,7.77785276,TRUE,2.595835594,TRUE,50.68133437,TRUE,33.53021373,TRUE,11.60782393,TRUE,4.180627978,TRUE,77.01412934,TRUE,21.48137937,TRUE,1.504491286,TRUE,0,TRUE,30
Ghana,Lower middle income,TRUE,31072.94531,TRUE,57.34899902,TRUE,85.79099665,TRUE,6.586062113,TRUE,2.812216176,TRUE,4.810725058,TRUE,71.89275005,TRUE,11.93454827,TRUE,4.999356483,TRUE,11.17334519,TRUE,96.12725952,TRUE,2.608342455,TRUE,1.185613803,TRUE,0.078784218,TRUE,30
Mozambique,Low income,TRUE,31255.43555,TRUE,37.0739975,TRUE,63.36942563,TRUE,9.975784507,TRUE,16.72614511,TRUE,9.928644759,TRUE,48.8666865,TRUE,12.64088359,TRUE,23.6862564,TRUE,14.80617352,TRUE,87.98504792,TRUE,5.452291027,TRUE,4.912684644,TRUE,1.649976404,TRUE,30
Malaysia,Upper middle income,TRUE,32365.99805,TRUE,77.15999603,TRUE,97.09990707,TRUE,0.354539687,TRUE,2.545553241,TRUE,0,TRUE,90.19744812,TRUE,0.544451397,TRUE,9.258100478,TRUE,0,TRUE,99.14309591,TRUE,0.298324261,TRUE,0.468579832,TRUE,0.09,TRUE,30
Angola,Lower middle income,TRUE,32866.26953,TRUE,66.82499695,TRUE,57.16773762,TRUE,9.287349919,TRUE,19.45082534,TRUE,14.09408712,TRUE,27.80822661,TRUE,8.740488389,TRUE,22.93315258,TRUE,40.51813242,TRUE,71.74314862,TRUE,9.558837489,TRUE,17.72203473,TRUE,0.975979163,TRUE,30
Peru,Upper middle income,TRUE,32971.84766,TRUE,78.2970047,TRUE,93.13936621,TRUE,0.849559351,TRUE,4.150468349,TRUE,1.860606087,TRUE,80.79943849,TRUE,1.596943771,TRUE,9.612691163,TRUE,7.990926578,TRUE,96.55984408,TRUE,0.642393236,TRUE,2.636408693,TRUE,0.161353995,TRUE,30
Uzbekistan,Lower middle income,TRUE,33469.19922,TRUE,50.41599655,TRUE,97.82878485,TRUE,0,TRUE,0.22384422,TRUE,1.947370925,TRUE,96.07258236,TRUE,0,TRUE,0,TRUE,3.927417637,TRUE,99.55600556,TRUE,0,TRUE,0.443994443,TRUE,0,TRUE,30
Saudi Arabia,High income,TRUE,34813.86719,TRUE,84.28700256,TRUE,100,TRUE,0,TRUE,0,TRUE,0,TRUE,0,TRUE,0,TRUE,0,TRUE,0,TRUE,0,TRUE,0,TRUE,0,TRUE,0,TRUE,30
Morocco,Lower middle income,TRUE,36910.55859,TRUE,63.53199768,TRUE,90.40234468,TRUE,5.263549601,TRUE,2.8776725,TRUE,1.456433219,TRUE,77.34612896,TRUE,12.03707816,TRUE,6.623063373,TRUE,3.993729502,TRUE,97.89674601,TRUE,1.375477117,TRUE,0.727776876,TRUE,0,TRUE,30
Canada,High income,TRUE,37742.15625,TRUE,81.56200409,TRUE,99.22181066,TRUE,0,TRUE,0.778189337,TRUE,0,TRUE,99.0604959,TRUE,0,TRUE,0.939504101,TRUE,0,TRUE,99.25827766,TRUE,0,TRUE,0.741722337,TRUE,0,TRUE,30
Poland,High income,TRUE,37846.60547,TRUE,60.04300308,TRUE,99.96659155,TRUE,0,TRUE,0.033408445,TRUE,0,TRUE,100,TRUE,0,TRUE,0,TRUE,0,TRUE,99.94435484,TRUE,0,TRUE,0.055645161,TRUE,0,TRUE,30
Afghanistan,Low income,TRUE,38928.33984,TRUE,26.02599907,TRUE,75.09141325,TRUE,1.447541688,TRUE,14.56026288,TRUE,8.900782174,TRUE,66.32791521,TRUE,1.956824851,TRUE,19.68294895,TRUE,12.03231098,TRUE,100,TRUE,0,TRUE,0,TRUE,0,TRUE,30
Iraq,Upper middle income,TRUE,40222.50391,TRUE,70.89299774,TRUE,98.35990325,TRUE,0.89216035,TRUE,2.43E-06,TRUE,0.747933971,TRUE,94.83114678,TRUE,2.599251339,TRUE,0,TRUE,2.569601877,TRUE,99.80873103,TRUE,0.19126897,TRUE,0,TRUE,0,TRUE,30
Ukraine,Lower middle income,TRUE,43733.75781,TRUE,69.60800171,TRUE,93.92828195,TRUE,5.671978717,TRUE,0.075904501,TRUE,0.323834836,TRUE,100,TRUE,0,TRUE,0,TRUE,0,TRUE,91.27727011,TRUE,8.14845779,TRUE,0.109045653,TRUE,0.465226445,TRUE,30
Sudan,Low income,TRUE,43849.26953,TRUE,35.25299835,TRUE,60.4486756,TRUE,26.67001975,TRUE,3.650217875,TRUE,9.231086774,TRUE,53.19902707,TRUE,27.45764451,TRUE,5.637660008,TRUE,13.70566842,TRUE,73.76365956,TRUE,25.22343986,TRUE,0,TRUE,1.012900581,TRUE,30
Algeria,Lower middle income,TRUE,43851.04297,TRUE,73.73300171,TRUE,94.43732996,TRUE,4.985880842,TRUE,0.531836664,TRUE,0.044952533,TRUE,90.03753791,TRUE,8.79672214,TRUE,0.994603028,TRUE,0.171136926,TRUE,96.00473586,TRUE,3.628288591,TRUE,0.366975548,TRUE,0,TRUE,30
Argentina,Upper middle income,TRUE,45195.77734,TRUE,92.11100006,TRUE,0,TRUE,0,TRUE,0,TRUE,0,TRUE,0,TRUE,0,TRUE,0,TRUE,0,TRUE,99.79042065,TRUE,0,TRUE,0.20957935,TRUE,0,TRUE,30
Uganda,Low income,TRUE,45741,TRUE,24.95400047,TRUE,55.85504921,TRUE,27.28286,TRUE,12.16590654,TRUE,4.696184252,TRUE,48.23118958,TRUE,31.78469426,TRUE,14.07616061,TRUE,5.907955546,TRUE,78.7828518,TRUE,13.74416783,TRUE,6.421044133,TRUE,1.051936238,TRUE,30
Spain,High income,TRUE,46754.78125,TRUE,80.80999756,TRUE,99.92561261,TRUE,0,TRUE,0.074387391,TRUE,0,TRUE,100,TRUE,0,TRUE,0,TRUE,0,TRUE,99.90794521,TRUE,0,TRUE,0.092054795,TRUE,0,TRUE,30
Colombia,Upper middle income,TRUE,50882.88281,TRUE,81.42499542,TRUE,97.49165711,TRUE,0.186152159,TRUE,0.953616223,TRUE,1.368574512,TRUE,86.76707282,TRUE,0.731228202,TRUE,5.13386897,TRUE,7.367830005,TRUE,99.9381928,TRUE,0.0618072,TRUE,0,TRUE,0,TRUE,30
Republic of Korea,High income,TRUE,51269.18359,TRUE,81.41400146,TRUE,99.93139665,TRUE,0,TRUE,0.068603353,TRUE,0,TRUE,0,TRUE,0,TRUE,0,TRUE,0,TRUE,0,TRUE,0,TRUE,0,TRUE,0,TRUE,30
Kenya,Lower middle income,TRUE,53771.30078,TRUE,27.99499893,TRUE,61.63289158,TRUE,9.54187005,TRUE,9.780087524,TRUE,19.04515084,TRUE,51.77997893,TRUE,11.56900419,TRUE,12.51911322,TRUE,24.13190366,TRUE,86.97523145,TRUE,4.327944725,TRUE,2.73514263,TRUE,5.961681193,TRUE,30
Myanmar,Lower middle income,TRUE,54409.79297,TRUE,31.14100075,TRUE,83.71819191,TRUE,1.595436949,TRUE,5.10942478,TRUE,9.576946362,TRUE,78.42256469,TRUE,2.316962142,TRUE,6.592393694,TRUE,12.66807947,TRUE,95.42788606,TRUE,0,TRUE,1.830283006,TRUE,2.741830931,TRUE,30
South Africa,Upper middle income,TRUE,59308.69141,TRUE,67.35400391,TRUE,93.88505744,TRUE,2.772736186,TRUE,1.410816657,TRUE,1.931389712,TRUE,83.32948118,TRUE,6.977359359,TRUE,3.776999287,TRUE,5.916160173,TRUE,99.00126484,TRUE,0.734785403,TRUE,0.263949755,TRUE,0,TRUE,30
United Republic of Tanzania,Lower middle income,TRUE,59734.21484,TRUE,35.22700119,TRUE,60.71679759,TRUE,11.29007067,TRUE,14.51775136,TRUE,13.47538038,TRUE,45.44696534,TRUE,13.98368881,TRUE,21.21996133,TRUE,19.34938452,TRUE,88.7939249,TRUE,6.337231166,TRUE,2.194178786,TRUE,2.674665152,TRUE,30
Italy,High income,TRUE,60461.82813,TRUE,71.03899384,TRUE,99.91703407,TRUE,0,TRUE,0.082965926,TRUE,0,TRUE,0,TRUE,0,TRUE,0,TRUE,0,TRUE,0,TRUE,0,TRUE,0,TRUE,0,TRUE,30
France,High income,TRUE,65273.51172,TRUE,80.97499847,TRUE,99.9999985,TRUE,0,TRUE,1.50E-06,TRUE,0,TRUE,100,TRUE,0,TRUE,0,TRUE,0,TRUE,100,TRUE,0,TRUE,0,TRUE,0,TRUE,30
United Kingdom,High income,TRUE,67886.00781,TRUE,83.90299988,TRUE,99.99999856,TRUE,0,TRUE,1.44E-06,TRUE,0,TRUE,100,TRUE,0,TRUE,0,TRUE,0,TRUE,100,TRUE,0,TRUE,0,TRUE,0,TRUE,30
Thailand,Upper middle income,TRUE,69799.97656,TRUE,51.43000031,TRUE,100,TRUE,0,TRUE,0,TRUE,0,TRUE,100,TRUE,0,TRUE,0,TRUE,0,TRUE,100,TRUE,0,TRUE,0,TRUE,0,TRUE,30
Germany,High income,TRUE,83783.94531,TRUE,77.45300293,TRUE,100.0000023,TRUE,0,TRUE,0,TRUE,0,TRUE,100,TRUE,0,TRUE,0,TRUE,0,TRUE,100,TRUE,0,TRUE,0,TRUE,0,TRUE,30
Iran (Islamic Republic of),Lower middle income,TRUE,83992.95313,TRUE,75.87400055,TRUE,97.48263633,TRUE,1.938311229,TRUE,0.513797363,TRUE,0.065255082,TRUE,93.82873538,TRUE,4.297948765,TRUE,1.602839669,TRUE,0.270476191,TRUE,98.64448672,TRUE,1.188006671,TRUE,0.167506608,TRUE,0,TRUE,30
Turkey,Upper middle income,TRUE,84339.07031,TRUE,76.10500336,TRUE,97.01426916,TRUE,2.023078075,TRUE,0.737674955,TRUE,0.224977809,TRUE,96.02516977,TRUE,2.684574639,TRUE,0.788255591,TRUE,0.502,TRUE,97.32481783,TRUE,1.815385203,TRUE,0.721796963,TRUE,0.138,TRUE,30
Democratic Republic of the Congo,Lower middle income,TRUE,89561.40625,TRUE,45.63800049,TRUE,45.95212696,TRUE,13.44122447,TRUE,32.54231607,TRUE,8.064332495,TRUE,21.98279234,TRUE,12.68294146,TRUE,51.21598167,TRUE,14.11828453,TRUE,74.50335478,TRUE,14.34445818,TRUE,10.29905862,TRUE,0.853128413,TRUE,30
Viet Nam,Lower middle income,TRUE,97338.58594,TRUE,37.34000015,TRUE,96.88435687,TRUE,0,TRUE,3.115643126,TRUE,0,TRUE,95.51453844,TRUE,0,TRUE,4.48546156,TRUE,0,TRUE,99.18304001,TRUE,0,TRUE,0.816959987,TRUE,0,TRUE,30
Egypt,Lower middle income,TRUE,102334.4063,TRUE,42.78300095,TRUE,99.44017596,TRUE,0.237609109,TRUE,0.322214927,TRUE,0,TRUE,99.33283515,TRUE,0.335941822,TRUE,0.331223032,TRUE,0,TRUE,99.5837311,TRUE,0.106101207,TRUE,0.310167694,TRUE,0,TRUE,30
Philippines,Lower middle income,TRUE,109581.0859,TRUE,47.40799713,TRUE,94.10903456,TRUE,2.856486137,TRUE,3.034479307,TRUE,0,TRUE,91.06193322,TRUE,3.959520428,TRUE,4.978546347,TRUE,0,TRUE,97.4893325,TRUE,1.632836465,TRUE,0.877831036,TRUE,0,TRUE,30
Ethiopia,Low income,TRUE,114963.5859,TRUE,21.69499969,TRUE,49.61557274,TRUE,26.74071964,TRUE,18.63506013,TRUE,5.008647486,TRUE,40.03013919,TRUE,30.18668334,TRUE,23.49561327,TRUE,6.287564203,TRUE,84.21282816,TRUE,14.30300858,TRUE,1.091582355,TRUE,0.392580896,TRUE,30
Japan,High income,TRUE,126476.4609,TRUE,91.78199768,TRUE,99.07891245,TRUE,0,TRUE,0.921087547,TRUE,0,TRUE,0,TRUE,0,TRUE,0,TRUE,0,TRUE,0,TRUE,0,TRUE,0,TRUE,0,TRUE,30
Mexico,Upper middle income,TRUE,128932.75,TRUE,80.73099518,TRUE,99.67956828,TRUE,0,TRUE,0.320431717,TRUE,0,TRUE,98.33706893,TRUE,0,TRUE,1.662931067,TRUE,0,TRUE,100,TRUE,0,TRUE,0,TRUE,0,TRUE,30
Russian Federation,Upper middle income,TRUE,145934.4531,TRUE,74.75400543,TRUE,96.99254807,TRUE,0.621996377,TRUE,2.38545555,TRUE,0,TRUE,91.54410196,TRUE,1.583163513,TRUE,6.872734531,TRUE,0,TRUE,98.83259961,TRUE,0.297389969,TRUE,0.670010424,TRUE,0.2,TRUE,30
Bangladesh,Lower middle income,TRUE,164689.3906,TRUE,38.17700195,TRUE,97.69796025,TRUE,1.156425878,TRUE,0.4626557,TRUE,0.682958174,TRUE,97.88023776,TRUE,0.85810498,TRUE,0.316480241,TRUE,0.945177015,TRUE,97.40277797,TRUE,1.639520121,TRUE,0.699375215,TRUE,0.258326693,TRUE,30
Nigeria,Lower middle income,TRUE,206139.5938,TRUE,51.95800018,TRUE,77.60905338,TRUE,4.979399343,TRUE,11.79691148,TRUE,5.614635794,TRUE,61.65821003,TRUE,7.128924583,TRUE,20.92487535,TRUE,10.28799004,TRUE,92.35770519,TRUE,2.99188065,TRUE,3.356908786,TRUE,1.29350537,TRUE,30
Brazil,Upper middle income,TRUE,212559.4063,TRUE,87.07299805,TRUE,99.32085299,TRUE,0.126549004,TRUE,0.55259801,TRUE,0,TRUE,95.94525953,TRUE,0.978950915,TRUE,3.075789551,TRUE,0,TRUE,99.82200131,TRUE,0,TRUE,0.177998695,TRUE,0,TRUE,30
Pakistan,Lower middle income,TRUE,220892.3281,TRUE,37.16500092,TRUE,90.14896508,TRUE,3.822279525,TRUE,4.413307574,TRUE,1.61544782,TRUE,88.59986076,TRUE,3.852278117,TRUE,5.174596509,TRUE,2.373264617,TRUE,92.76804985,TRUE,3.771561162,TRUE,3.126184571,TRUE,0.334204422,TRUE,30
Indonesia,Lower middle income,TRUE,273523.625,TRUE,56.64099884,TRUE,92.41534961,TRUE,0.855474634,TRUE,5.553871666,TRUE,1.175304087,TRUE,85.66796238,TRUE,1.17809123,TRUE,10.61491462,TRUE,2.539031772,TRUE,97.58051207,TRUE,0.608509835,TRUE,1.679615139,TRUE,0.131362959,TRUE,30
United States of America,High income,TRUE,331002.6563,TRUE,82.66400146,TRUE,99.88352668,TRUE,0,TRUE,0.116473318,TRUE,0,TRUE,99.67078734,TRUE,0,TRUE,0.329212663,TRUE,0,TRUE,99.92814447,TRUE,0,TRUE,0.07185553,TRUE,0,TRUE,30
India,Lower middle income,TRUE,1380004.375,TRUE,34.9260025,TRUE,90.48952503,TRUE,4.983602562,TRUE,3.963153945,TRUE,0.563718463,TRUE,88.78250313,TRUE,5.902210054,TRUE,4.57637573,TRUE,0.738911086,TRUE,93.6700363,TRUE,3.272056027,TRUE,2.820607523,TRUE,0.237300154,TRUE,30
China,Upper middle income,TRUE,1463140.5,TRUE,61.71308899,TRUE,94.26111059,TRUE,0.81472133,TRUE,4.725451938,TRUE,0.198716144,TRUE,89.66123351,TRUE,1.832679086,TRUE,8.506087409,TRUE,0,TRUE,97.11488267,TRUE,0.183178493,TRUE,2.37993884,TRUE,0.322,TRUE,30